session,condition,time,data,time_sec
0,300ms,0,0.0,0.025
0,300ms,1,0.0,0.07500000000000001
0,300ms,2,0.0,0.125
0,300ms,3,3.0,0.17500000000000002
0,300ms,4,0.0,0.225
0,300ms,5,2.0,0.275
0,300ms,6,1.0,0.32500000000000007
0,300ms,7,2.0,0.37500000000000006
0,300ms,8,4.0,0.42500000000000004
0,300ms,9,3.0,0.47500000000000003
0,300ms,10,1.0,0.525
0,300ms,11,1.0,0.5750000000000001
0,300ms,12,0.0,0.6250000000000001
0,300ms,13,0.0,0.675
0,300ms,14,0.0,0.7250000000000001
0,300ms,15,0.0,0.775
0,300ms,16,0.0,0.8250000000000001
0,300ms,17,0.0,0.8750000000000001
0,300ms,18,0.0,0.925
0,300ms,19,0.0,0.9750000000000001
0,300ms,20,0.0,1.025
0,300ms,21,0.0,1.075
0,300ms,22,0.0,1.125
0,300ms,23,0.0,1.175
0,300ms,24,0.0,1.225
0,300ms,25,0.0,1.275
0,300ms,26,0.0,1.325
0,300ms,27,0.0,1.375
0,300ms,28,0.0,1.425
0,300ms,29,0.0,1.475
0,300ms,30,0.0,1.525
0,300ms,31,0.0,1.575
0,300ms,32,0.0,1.625
0,300ms,33,0.0,1.675
0,300ms,34,0.0,1.725
0,300ms,35,0.0,1.775
0,600ms,0,0.0,0.025
0,600ms,1,0.0,0.07500000000000001
0,600ms,2,0.0,0.125
0,600ms,3,2.0,0.17500000000000002
0,600ms,4,1.0,0.225
0,600ms,5,6.0,0.275
0,600ms,6,3.0,0.32500000000000007
0,600ms,7,3.0,0.37500000000000006
0,600ms,8,2.0,0.42500000000000004
0,600ms,9,0.0,0.47500000000000003
0,600ms,10,4.0,0.525
0,600ms,11,3.0,0.5750000000000001
0,600ms,12,4.0,0.6250000000000001
0,600ms,13,6.0,0.675
0,600ms,14,2.0,0.7250000000000001
0,600ms,15,1.0,0.775
0,600ms,16,1.0,0.8250000000000001
0,600ms,17,1.0,0.8750000000000001
0,600ms,18,0.0,0.925
0,600ms,19,0.0,0.9750000000000001
0,600ms,20,0.0,1.025
0,600ms,21,1.0,1.075
0,600ms,22,0.0,1.125
0,600ms,23,1.0,1.175
0,600ms,24,0.0,1.225
0,600ms,25,0.0,1.275
0,600ms,26,0.0,1.325
0,600ms,27,0.0,1.375
0,600ms,28,0.0,1.425
0,600ms,29,0.0,1.475
0,600ms,30,0.0,1.525
0,600ms,31,0.0,1.575
0,600ms,32,0.0,1.625
0,600ms,33,0.0,1.675
0,600ms,34,0.0,1.725
0,600ms,35,0.0,1.775
0,900ms,0,0.0,0.025
0,900ms,1,0.0,0.07500000000000001
0,900ms,2,0.0,0.125
0,900ms,3,0.0,0.17500000000000002
0,900ms,4,0.0,0.225
0,900ms,5,1.0,0.275
0,900ms,6,2.0,0.32500000000000007
0,900ms,7,2.0,0.37500000000000006
0,900ms,8,1.0,0.42500000000000004
0,900ms,9,0.0,0.47500000000000003
0,900ms,10,1.0,0.525
0,900ms,11,0.0,0.5750000000000001
0,900ms,12,0.0,0.6250000000000001
0,900ms,13,0.0,0.675
0,900ms,14,0.0,0.7250000000000001
0,900ms,15,0.0,0.775
0,900ms,16,0.0,0.8250000000000001
0,900ms,17,0.0,0.8750000000000001
0,900ms,18,1.0,0.925
0,900ms,19,0.0,0.9750000000000001
0,900ms,20,0.0,1.025
0,900ms,21,0.0,1.075
0,900ms,22,0.0,1.125
0,900ms,23,0.0,1.175
0,900ms,24,1.0,1.225
0,900ms,25,0.0,1.275
0,900ms,26,0.0,1.325
0,900ms,27,0.0,1.375
0,900ms,28,0.0,1.425
0,900ms,29,0.0,1.475
0,900ms,30,1.0,1.525
0,900ms,31,0.0,1.575
0,900ms,32,0.0,1.625
0,900ms,33,0.0,1.675
0,900ms,34,0.0,1.725
0,900ms,35,1.0,1.775
1,300ms,0,1.0,0.025
1,300ms,1,2.0,0.07500000000000001
1,300ms,2,10.0,0.125
1,300ms,3,8.0,0.17500000000000002
1,300ms,4,10.0,0.225
1,300ms,5,6.0,0.275
1,300ms,6,15.0,0.32500000000000007
1,300ms,7,6.0,0.37500000000000006
1,300ms,8,12.0,0.42500000000000004
1,300ms,9,0.0,0.47500000000000003
1,300ms,10,0.0,0.525
1,300ms,11,1.0,0.5750000000000001
1,300ms,12,0.0,0.6250000000000001
1,300ms,13,0.0,0.675
1,300ms,14,0.0,0.7250000000000001
1,300ms,15,0.0,0.775
1,300ms,16,0.0,0.8250000000000001
1,300ms,17,0.0,0.8750000000000001
1,300ms,18,0.0,0.925
1,300ms,19,0.0,0.9750000000000001
1,300ms,20,0.0,1.025
1,300ms,21,0.0,1.075
1,300ms,22,0.0,1.125
1,300ms,23,0.0,1.175
1,300ms,24,0.0,1.225
1,300ms,25,0.0,1.275
1,300ms,26,0.0,1.325
1,300ms,27,0.0,1.375
1,300ms,28,0.0,1.425
1,300ms,29,0.0,1.475
1,300ms,30,0.0,1.525
1,300ms,31,0.0,1.575
1,300ms,32,0.0,1.625
1,300ms,33,0.0,1.675
1,300ms,34,0.0,1.725
1,300ms,35,0.0,1.775
1,600ms,0,1.0,0.025
1,600ms,1,2.0,0.07500000000000001
1,600ms,2,3.0,0.125
1,600ms,3,14.0,0.17500000000000002
1,600ms,4,8.0,0.225
1,600ms,5,12.0,0.275
1,600ms,6,11.0,0.32500000000000007
1,600ms,7,11.0,0.37500000000000006
1,600ms,8,2.0,0.42500000000000004
1,600ms,9,2.0,0.47500000000000003
1,600ms,10,2.0,0.525
1,600ms,11,4.0,0.5750000000000001
1,600ms,12,4.0,0.6250000000000001
1,600ms,13,4.0,0.675
1,600ms,14,2.0,0.7250000000000001
1,600ms,15,2.0,0.775
1,600ms,16,2.0,0.8250000000000001
1,600ms,17,1.0,0.8750000000000001
1,600ms,18,0.0,0.925
1,600ms,19,0.0,0.9750000000000001
1,600ms,20,2.0,1.025
1,600ms,21,0.0,1.075
1,600ms,22,0.0,1.125
1,600ms,23,1.0,1.175
1,600ms,24,0.0,1.225
1,600ms,25,0.0,1.275
1,600ms,26,0.0,1.325
1,600ms,27,0.0,1.375
1,600ms,28,0.0,1.425
1,600ms,29,0.0,1.475
1,600ms,30,0.0,1.525
1,600ms,31,0.0,1.575
1,600ms,32,0.0,1.625
1,600ms,33,0.0,1.675
1,600ms,34,0.0,1.725
1,600ms,35,0.0,1.775
1,900ms,0,1.0,0.025
1,900ms,1,0.0,0.07500000000000001
1,900ms,2,7.0,0.125
1,900ms,3,8.0,0.17500000000000002
1,900ms,4,10.0,0.225
1,900ms,5,17.0,0.275
1,900ms,6,8.0,0.32500000000000007
1,900ms,7,7.0,0.37500000000000006
1,900ms,8,2.0,0.42500000000000004
1,900ms,9,3.0,0.47500000000000003
1,900ms,10,1.0,0.525
1,900ms,11,1.0,0.5750000000000001
1,900ms,12,3.0,0.6250000000000001
1,900ms,13,1.0,0.675
1,900ms,14,3.0,0.7250000000000001
1,900ms,15,2.0,0.775
1,900ms,16,1.0,0.8250000000000001
1,900ms,17,1.0,0.8750000000000001
1,900ms,18,0.0,0.925
1,900ms,19,1.0,0.9750000000000001
1,900ms,20,2.0,1.025
1,900ms,21,3.0,1.075
1,900ms,22,0.0,1.125
1,900ms,23,1.0,1.175
1,900ms,24,0.0,1.225
1,900ms,25,0.0,1.275
1,900ms,26,1.0,1.325
1,900ms,27,0.0,1.375
1,900ms,28,0.0,1.425
1,900ms,29,2.0,1.475
1,900ms,30,0.0,1.525
1,900ms,31,0.0,1.575
1,900ms,32,0.0,1.625
1,900ms,33,0.0,1.675
1,900ms,34,0.0,1.725
1,900ms,35,1.0,1.775
2,300ms,0,0.0,0.025
2,300ms,1,1.0,0.07500000000000001
2,300ms,2,0.0,0.125
2,300ms,3,3.0,0.17500000000000002
2,300ms,4,7.0,0.225
2,300ms,5,9.0,0.275
2,300ms,6,5.0,0.32500000000000007
2,300ms,7,5.0,0.37500000000000006
2,300ms,8,2.0,0.42500000000000004
2,300ms,9,1.0,0.47500000000000003
2,300ms,10,0.0,0.525
2,300ms,11,1.0,0.5750000000000001
2,300ms,12,0.0,0.6250000000000001
2,300ms,13,0.0,0.675
2,300ms,14,0.0,0.7250000000000001
2,300ms,15,0.0,0.775
2,300ms,16,0.0,0.8250000000000001
2,300ms,17,0.0,0.8750000000000001
2,300ms,18,0.0,0.925
2,300ms,19,0.0,0.9750000000000001
2,300ms,20,0.0,1.025
2,300ms,21,0.0,1.075
2,300ms,22,0.0,1.125
2,300ms,23,0.0,1.175
2,300ms,24,0.0,1.225
2,300ms,25,0.0,1.275
2,300ms,26,0.0,1.325
2,300ms,27,0.0,1.375
2,300ms,28,0.0,1.425
2,300ms,29,0.0,1.475
2,300ms,30,0.0,1.525
2,300ms,31,0.0,1.575
2,300ms,32,0.0,1.625
2,300ms,33,0.0,1.675
2,300ms,34,0.0,1.725
2,300ms,35,0.0,1.775
2,600ms,0,1.0,0.025
2,600ms,1,0.0,0.07500000000000001
2,600ms,2,0.0,0.125
2,600ms,3,1.0,0.17500000000000002
2,600ms,4,3.0,0.225
2,600ms,5,4.0,0.275
2,600ms,6,6.0,0.32500000000000007
2,600ms,7,6.0,0.37500000000000006
2,600ms,8,2.0,0.42500000000000004
2,600ms,9,4.0,0.47500000000000003
2,600ms,10,7.0,0.525
2,600ms,11,2.0,0.5750000000000001
2,600ms,12,6.0,0.6250000000000001
2,600ms,13,3.0,0.675
2,600ms,14,1.0,0.7250000000000001
2,600ms,15,3.0,0.775
2,600ms,16,4.0,0.8250000000000001
2,600ms,17,4.0,0.8750000000000001
2,600ms,18,0.0,0.925
2,600ms,19,2.0,0.9750000000000001
2,600ms,20,0.0,1.025
2,600ms,21,0.0,1.075
2,600ms,22,0.0,1.125
2,600ms,23,0.0,1.175
2,600ms,24,0.0,1.225
2,600ms,25,0.0,1.275
2,600ms,26,0.0,1.325
2,600ms,27,0.0,1.375
2,600ms,28,0.0,1.425
2,600ms,29,0.0,1.475
2,600ms,30,0.0,1.525
2,600ms,31,0.0,1.575
2,600ms,32,0.0,1.625
2,600ms,33,0.0,1.675
2,600ms,34,0.0,1.725
2,600ms,35,0.0,1.775
2,900ms,0,,0.025
2,900ms,1,,0.07500000000000001
2,900ms,2,,0.125
2,900ms,3,,0.17500000000000002
2,900ms,4,,0.225
2,900ms,5,,0.275
2,900ms,6,,0.32500000000000007
2,900ms,7,,0.37500000000000006
2,900ms,8,,0.42500000000000004
2,900ms,9,,0.47500000000000003
2,900ms,10,,0.525
2,900ms,11,,0.5750000000000001
2,900ms,12,,0.6250000000000001
2,900ms,13,,0.675
2,900ms,14,,0.7250000000000001
2,900ms,15,,0.775
2,900ms,16,,0.8250000000000001
2,900ms,17,,0.8750000000000001
2,900ms,18,,0.925
2,900ms,19,,0.9750000000000001
2,900ms,20,,1.025
2,900ms,21,,1.075
2,900ms,22,,1.125
2,900ms,23,,1.175
2,900ms,24,,1.225
2,900ms,25,,1.275
2,900ms,26,,1.325
2,900ms,27,,1.375
2,900ms,28,,1.425
2,900ms,29,,1.475
2,900ms,30,,1.525
2,900ms,31,,1.575
2,900ms,32,,1.625
2,900ms,33,,1.675
2,900ms,34,,1.725
2,900ms,35,,1.775
3,300ms,0,3.0,0.025
3,300ms,1,3.0,0.07500000000000001
3,300ms,2,1.0,0.125
3,300ms,3,7.0,0.17500000000000002
3,300ms,4,17.0,0.225
3,300ms,5,19.0,0.275
3,300ms,6,13.0,0.32500000000000007
3,300ms,7,12.0,0.37500000000000006
3,300ms,8,13.0,0.42500000000000004
3,300ms,9,3.0,0.47500000000000003
3,300ms,10,0.0,0.525
3,300ms,11,1.0,0.5750000000000001
3,300ms,12,0.0,0.6250000000000001
3,300ms,13,0.0,0.675
3,300ms,14,0.0,0.7250000000000001
3,300ms,15,0.0,0.775
3,300ms,16,0.0,0.8250000000000001
3,300ms,17,0.0,0.8750000000000001
3,300ms,18,0.0,0.925
3,300ms,19,0.0,0.9750000000000001
3,300ms,20,0.0,1.025
3,300ms,21,0.0,1.075
3,300ms,22,0.0,1.125
3,300ms,23,0.0,1.175
3,300ms,24,0.0,1.225
3,300ms,25,0.0,1.275
3,300ms,26,0.0,1.325
3,300ms,27,0.0,1.375
3,300ms,28,0.0,1.425
3,300ms,29,0.0,1.475
3,300ms,30,0.0,1.525
3,300ms,31,0.0,1.575
3,300ms,32,0.0,1.625
3,300ms,33,0.0,1.675
3,300ms,34,0.0,1.725
3,300ms,35,0.0,1.775
3,600ms,0,0.0,0.025
3,600ms,1,0.0,0.07500000000000001
3,600ms,2,2.0,0.125
3,600ms,3,1.0,0.17500000000000002
3,600ms,4,2.0,0.225
3,600ms,5,3.0,0.275
3,600ms,6,5.0,0.32500000000000007
3,600ms,7,1.0,0.37500000000000006
3,600ms,8,2.0,0.42500000000000004
3,600ms,9,7.0,0.47500000000000003
3,600ms,10,4.0,0.525
3,600ms,11,3.0,0.5750000000000001
3,600ms,12,6.0,0.6250000000000001
3,600ms,13,3.0,0.675
3,600ms,14,4.0,0.7250000000000001
3,600ms,15,3.0,0.775
3,600ms,16,1.0,0.8250000000000001
3,600ms,17,0.0,0.8750000000000001
3,600ms,18,1.0,0.925
3,600ms,19,1.0,0.9750000000000001
3,600ms,20,0.0,1.025
3,600ms,21,0.0,1.075
3,600ms,22,0.0,1.125
3,600ms,23,1.0,1.175
3,600ms,24,0.0,1.225
3,600ms,25,0.0,1.275
3,600ms,26,0.0,1.325
3,600ms,27,0.0,1.375
3,600ms,28,0.0,1.425
3,600ms,29,0.0,1.475
3,600ms,30,0.0,1.525
3,600ms,31,0.0,1.575
3,600ms,32,0.0,1.625
3,600ms,33,0.0,1.675
3,600ms,34,0.0,1.725
3,600ms,35,0.0,1.775
3,900ms,0,0.0,0.025
3,900ms,1,0.0,0.07500000000000001
3,900ms,2,0.0,0.125
3,900ms,3,0.0,0.17500000000000002
3,900ms,4,0.0,0.225
3,900ms,5,1.0,0.275
3,900ms,6,0.0,0.32500000000000007
3,900ms,7,3.0,0.37500000000000006
3,900ms,8,1.0,0.42500000000000004
3,900ms,9,0.0,0.47500000000000003
3,900ms,10,0.0,0.525
3,900ms,11,0.0,0.5750000000000001
3,900ms,12,1.0,0.6250000000000001
3,900ms,13,0.0,0.675
3,900ms,14,1.0,0.7250000000000001
3,900ms,15,0.0,0.775
3,900ms,16,0.0,0.8250000000000001
3,900ms,17,0.0,0.8750000000000001
3,900ms,18,0.0,0.925
3,900ms,19,2.0,0.9750000000000001
3,900ms,20,0.0,1.025
3,900ms,21,1.0,1.075
3,900ms,22,0.0,1.125
3,900ms,23,1.0,1.175
3,900ms,24,0.0,1.225
3,900ms,25,0.0,1.275
3,900ms,26,0.0,1.325
3,900ms,27,0.0,1.375
3,900ms,28,0.0,1.425
3,900ms,29,0.0,1.475
3,900ms,30,0.0,1.525
3,900ms,31,0.0,1.575
3,900ms,32,0.0,1.625
3,900ms,33,0.0,1.675
3,900ms,34,0.0,1.725
3,900ms,35,1.0,1.775
4,300ms,0,0.0,0.025
4,300ms,1,1.0,0.07500000000000001
4,300ms,2,4.0,0.125
4,300ms,3,4.0,0.17500000000000002
4,300ms,4,6.0,0.225
4,300ms,5,4.0,0.275
4,300ms,6,7.0,0.32500000000000007
4,300ms,7,7.0,0.37500000000000006
4,300ms,8,3.0,0.42500000000000004
4,300ms,9,2.0,0.47500000000000003
4,300ms,10,0.0,0.525
4,300ms,11,1.0,0.5750000000000001
4,300ms,12,0.0,0.6250000000000001
4,300ms,13,0.0,0.675
4,300ms,14,0.0,0.7250000000000001
4,300ms,15,0.0,0.775
4,300ms,16,0.0,0.8250000000000001
4,300ms,17,0.0,0.8750000000000001
4,300ms,18,0.0,0.925
4,300ms,19,0.0,0.9750000000000001
4,300ms,20,0.0,1.025
4,300ms,21,0.0,1.075
4,300ms,22,0.0,1.125
4,300ms,23,0.0,1.175
4,300ms,24,0.0,1.225
4,300ms,25,0.0,1.275
4,300ms,26,0.0,1.325
4,300ms,27,0.0,1.375
4,300ms,28,0.0,1.425
4,300ms,29,0.0,1.475
4,300ms,30,0.0,1.525
4,300ms,31,0.0,1.575
4,300ms,32,0.0,1.625
4,300ms,33,0.0,1.675
4,300ms,34,0.0,1.725
4,300ms,35,0.0,1.775
4,600ms,0,1.0,0.025
4,600ms,1,0.0,0.07500000000000001
4,600ms,2,2.0,0.125
4,600ms,3,11.0,0.17500000000000002
4,600ms,4,5.0,0.225
4,600ms,5,3.0,0.275
4,600ms,6,6.0,0.32500000000000007
4,600ms,7,3.0,0.37500000000000006
4,600ms,8,3.0,0.42500000000000004
4,600ms,9,4.0,0.47500000000000003
4,600ms,10,3.0,0.525
4,600ms,11,1.0,0.5750000000000001
4,600ms,12,2.0,0.6250000000000001
4,600ms,13,3.0,0.675
4,600ms,14,2.0,0.7250000000000001
4,600ms,15,0.0,0.775
4,600ms,16,0.0,0.8250000000000001
4,600ms,17,0.0,0.8750000000000001
4,600ms,18,0.0,0.925
4,600ms,19,0.0,0.9750000000000001
4,600ms,20,0.0,1.025
4,600ms,21,0.0,1.075
4,600ms,22,0.0,1.125
4,600ms,23,1.0,1.175
4,600ms,24,0.0,1.225
4,600ms,25,0.0,1.275
4,600ms,26,0.0,1.325
4,600ms,27,0.0,1.375
4,600ms,28,0.0,1.425
4,600ms,29,0.0,1.475
4,600ms,30,0.0,1.525
4,600ms,31,0.0,1.575
4,600ms,32,0.0,1.625
4,600ms,33,0.0,1.675
4,600ms,34,0.0,1.725
4,600ms,35,0.0,1.775
4,900ms,0,0.0,0.025
4,900ms,1,0.0,0.07500000000000001
4,900ms,2,0.0,0.125
4,900ms,3,2.0,0.17500000000000002
4,900ms,4,0.0,0.225
4,900ms,5,3.0,0.275
4,900ms,6,3.0,0.32500000000000007
4,900ms,7,3.0,0.37500000000000006
4,900ms,8,4.0,0.42500000000000004
4,900ms,9,3.0,0.47500000000000003
4,900ms,10,1.0,0.525
4,900ms,11,4.0,0.5750000000000001
4,900ms,12,1.0,0.6250000000000001
4,900ms,13,0.0,0.675
4,900ms,14,0.0,0.7250000000000001
4,900ms,15,0.0,0.775
4,900ms,16,0.0,0.8250000000000001
4,900ms,17,0.0,0.8750000000000001
4,900ms,18,0.0,0.925
4,900ms,19,0.0,0.9750000000000001
4,900ms,20,0.0,1.025
4,900ms,21,1.0,1.075
4,900ms,22,0.0,1.125
4,900ms,23,1.0,1.175
4,900ms,24,0.0,1.225
4,900ms,25,0.0,1.275
4,900ms,26,0.0,1.325
4,900ms,27,0.0,1.375
4,900ms,28,0.0,1.425
4,900ms,29,0.0,1.475
4,900ms,30,0.0,1.525
4,900ms,31,0.0,1.575
4,900ms,32,0.0,1.625
4,900ms,33,0.0,1.675
4,900ms,34,0.0,1.725
4,900ms,35,1.0,1.775
5,300ms,0,0.0,0.025
5,300ms,1,0.0,0.07500000000000001
5,300ms,2,1.0,0.125
5,300ms,3,4.0,0.17500000000000002
5,300ms,4,0.0,0.225
5,300ms,5,6.0,0.275
5,300ms,6,4.0,0.32500000000000007
5,300ms,7,4.0,0.37500000000000006
5,300ms,8,7.0,0.42500000000000004
5,300ms,9,2.0,0.47500000000000003
5,300ms,10,0.0,0.525
5,300ms,11,1.0,0.5750000000000001
5,300ms,12,0.0,0.6250000000000001
5,300ms,13,0.0,0.675
5,300ms,14,0.0,0.7250000000000001
5,300ms,15,0.0,0.775
5,300ms,16,0.0,0.8250000000000001
5,300ms,17,0.0,0.8750000000000001
5,300ms,18,0.0,0.925
5,300ms,19,0.0,0.9750000000000001
5,300ms,20,0.0,1.025
5,300ms,21,0.0,1.075
5,300ms,22,0.0,1.125
5,300ms,23,0.0,1.175
5,300ms,24,0.0,1.225
5,300ms,25,0.0,1.275
5,300ms,26,0.0,1.325
5,300ms,27,0.0,1.375
5,300ms,28,0.0,1.425
5,300ms,29,0.0,1.475
5,300ms,30,0.0,1.525
5,300ms,31,0.0,1.575
5,300ms,32,0.0,1.625
5,300ms,33,0.0,1.675
5,300ms,34,0.0,1.725
5,300ms,35,0.0,1.775
5,600ms,0,0.0,0.025
5,600ms,1,0.0,0.07500000000000001
5,600ms,2,0.0,0.125
5,600ms,3,0.0,0.17500000000000002
5,600ms,4,0.0,0.225
5,600ms,5,0.0,0.275
5,600ms,6,1.0,0.32500000000000007
5,600ms,7,0.0,0.37500000000000006
5,600ms,8,0.0,0.42500000000000004
5,600ms,9,0.0,0.47500000000000003
5,600ms,10,3.0,0.525
5,600ms,11,0.0,0.5750000000000001
5,600ms,12,1.0,0.6250000000000001
5,600ms,13,1.0,0.675
5,600ms,14,1.0,0.7250000000000001
5,600ms,15,2.0,0.775
5,600ms,16,2.0,0.8250000000000001
5,600ms,17,1.0,0.8750000000000001
5,600ms,18,0.0,0.925
5,600ms,19,0.0,0.9750000000000001
5,600ms,20,0.0,1.025
5,600ms,21,0.0,1.075
5,600ms,22,0.0,1.125
5,600ms,23,1.0,1.175
5,600ms,24,0.0,1.225
5,600ms,25,0.0,1.275
5,600ms,26,0.0,1.325
5,600ms,27,0.0,1.375
5,600ms,28,0.0,1.425
5,600ms,29,0.0,1.475
5,600ms,30,0.0,1.525
5,600ms,31,0.0,1.575
5,600ms,32,0.0,1.625
5,600ms,33,0.0,1.675
5,600ms,34,0.0,1.725
5,600ms,35,0.0,1.775
5,900ms,0,,0.025
5,900ms,1,,0.07500000000000001
5,900ms,2,,0.125
5,900ms,3,,0.17500000000000002
5,900ms,4,,0.225
5,900ms,5,,0.275
5,900ms,6,,0.32500000000000007
5,900ms,7,,0.37500000000000006
5,900ms,8,,0.42500000000000004
5,900ms,9,,0.47500000000000003
5,900ms,10,,0.525
5,900ms,11,,0.5750000000000001
5,900ms,12,,0.6250000000000001
5,900ms,13,,0.675
5,900ms,14,,0.7250000000000001
5,900ms,15,,0.775
5,900ms,16,,0.8250000000000001
5,900ms,17,,0.8750000000000001
5,900ms,18,,0.925
5,900ms,19,,0.9750000000000001
5,900ms,20,,1.025
5,900ms,21,,1.075
5,900ms,22,,1.125
5,900ms,23,,1.175
5,900ms,24,,1.225
5,900ms,25,,1.275
5,900ms,26,,1.325
5,900ms,27,,1.375
5,900ms,28,,1.425
5,900ms,29,,1.475
5,900ms,30,,1.525
5,900ms,31,,1.575
5,900ms,32,,1.625
5,900ms,33,,1.675
5,900ms,34,,1.725
5,900ms,35,,1.775
6,300ms,0,0.0,0.025
6,300ms,1,0.0,0.07500000000000001
6,300ms,2,0.0,0.125
6,300ms,3,0.0,0.17500000000000002
6,300ms,4,0.0,0.225
6,300ms,5,1.0,0.275
6,300ms,6,0.0,0.32500000000000007
6,300ms,7,1.0,0.37500000000000006
6,300ms,8,2.0,0.42500000000000004
6,300ms,9,0.0,0.47500000000000003
6,300ms,10,0.0,0.525
6,300ms,11,1.0,0.5750000000000001
6,300ms,12,0.0,0.6250000000000001
6,300ms,13,0.0,0.675
6,300ms,14,0.0,0.7250000000000001
6,300ms,15,0.0,0.775
6,300ms,16,0.0,0.8250000000000001
6,300ms,17,0.0,0.8750000000000001
6,300ms,18,0.0,0.925
6,300ms,19,0.0,0.9750000000000001
6,300ms,20,0.0,1.025
6,300ms,21,0.0,1.075
6,300ms,22,0.0,1.125
6,300ms,23,0.0,1.175
6,300ms,24,0.0,1.225
6,300ms,25,0.0,1.275
6,300ms,26,0.0,1.325
6,300ms,27,0.0,1.375
6,300ms,28,0.0,1.425
6,300ms,29,0.0,1.475
6,300ms,30,0.0,1.525
6,300ms,31,0.0,1.575
6,300ms,32,0.0,1.625
6,300ms,33,0.0,1.675
6,300ms,34,0.0,1.725
6,300ms,35,0.0,1.775
6,600ms,0,0.0,0.025
6,600ms,1,0.0,0.07500000000000001
6,600ms,2,0.0,0.125
6,600ms,3,0.0,0.17500000000000002
6,600ms,4,0.0,0.225
6,600ms,5,2.0,0.275
6,600ms,6,3.0,0.32500000000000007
6,600ms,7,5.0,0.37500000000000006
6,600ms,8,5.0,0.42500000000000004
6,600ms,9,3.0,0.47500000000000003
6,600ms,10,4.0,0.525
6,600ms,11,4.0,0.5750000000000001
6,600ms,12,3.0,0.6250000000000001
6,600ms,13,2.0,0.675
6,600ms,14,1.0,0.7250000000000001
6,600ms,15,2.0,0.775
6,600ms,16,3.0,0.8250000000000001
6,600ms,17,0.0,0.8750000000000001
6,600ms,18,0.0,0.925
6,600ms,19,0.0,0.9750000000000001
6,600ms,20,0.0,1.025
6,600ms,21,0.0,1.075
6,600ms,22,0.0,1.125
6,600ms,23,1.0,1.175
6,600ms,24,0.0,1.225
6,600ms,25,0.0,1.275
6,600ms,26,0.0,1.325
6,600ms,27,0.0,1.375
6,600ms,28,0.0,1.425
6,600ms,29,0.0,1.475
6,600ms,30,0.0,1.525
6,600ms,31,0.0,1.575
6,600ms,32,0.0,1.625
6,600ms,33,0.0,1.675
6,600ms,34,0.0,1.725
6,600ms,35,0.0,1.775
6,900ms,0,0.0,0.025
6,900ms,1,0.0,0.07500000000000001
6,900ms,2,0.0,0.125
6,900ms,3,0.0,0.17500000000000002
6,900ms,4,0.0,0.225
6,900ms,5,1.0,0.275
6,900ms,6,2.0,0.32500000000000007
6,900ms,7,1.0,0.37500000000000006
6,900ms,8,0.0,0.42500000000000004
6,900ms,9,5.0,0.47500000000000003
6,900ms,10,3.0,0.525
6,900ms,11,1.0,0.5750000000000001
6,900ms,12,3.0,0.6250000000000001
6,900ms,13,5.0,0.675
6,900ms,14,1.0,0.7250000000000001
6,900ms,15,0.0,0.775
6,900ms,16,2.0,0.8250000000000001
6,900ms,17,1.0,0.8750000000000001
6,900ms,18,1.0,0.925
6,900ms,19,0.0,0.9750000000000001
6,900ms,20,0.0,1.025
6,900ms,21,0.0,1.075
6,900ms,22,0.0,1.125
6,900ms,23,0.0,1.175
6,900ms,24,0.0,1.225
6,900ms,25,0.0,1.275
6,900ms,26,0.0,1.325
6,900ms,27,0.0,1.375
6,900ms,28,0.0,1.425
6,900ms,29,0.0,1.475
6,900ms,30,1.0,1.525
6,900ms,31,0.0,1.575
6,900ms,32,0.0,1.625
6,900ms,33,0.0,1.675
6,900ms,34,0.0,1.725
6,900ms,35,1.0,1.775
7,300ms,0,0.0,0.025
7,300ms,1,0.0,0.07500000000000001
7,300ms,2,5.0,0.125
7,300ms,3,4.0,0.17500000000000002
7,300ms,4,9.0,0.225
7,300ms,5,16.0,0.275
7,300ms,6,11.0,0.32500000000000007
7,300ms,7,13.0,0.37500000000000006
7,300ms,8,12.0,0.42500000000000004
7,300ms,9,5.0,0.47500000000000003
7,300ms,10,1.0,0.525
7,300ms,11,1.0,0.5750000000000001
7,300ms,12,0.0,0.6250000000000001
7,300ms,13,0.0,0.675
7,300ms,14,0.0,0.7250000000000001
7,300ms,15,0.0,0.775
7,300ms,16,0.0,0.8250000000000001
7,300ms,17,0.0,0.8750000000000001
7,300ms,18,0.0,0.925
7,300ms,19,0.0,0.9750000000000001
7,300ms,20,0.0,1.025
7,300ms,21,0.0,1.075
7,300ms,22,0.0,1.125
7,300ms,23,0.0,1.175
7,300ms,24,0.0,1.225
7,300ms,25,0.0,1.275
7,300ms,26,0.0,1.325
7,300ms,27,0.0,1.375
7,300ms,28,0.0,1.425
7,300ms,29,0.0,1.475
7,300ms,30,0.0,1.525
7,300ms,31,0.0,1.575
7,300ms,32,0.0,1.625
7,300ms,33,0.0,1.675
7,300ms,34,0.0,1.725
7,300ms,35,0.0,1.775
7,600ms,0,1.0,0.025
7,600ms,1,0.0,0.07500000000000001
7,600ms,2,0.0,0.125
7,600ms,3,1.0,0.17500000000000002
7,600ms,4,2.0,0.225
7,600ms,5,2.0,0.275
7,600ms,6,3.0,0.32500000000000007
7,600ms,7,4.0,0.37500000000000006
7,600ms,8,2.0,0.42500000000000004
7,600ms,9,3.0,0.47500000000000003
7,600ms,10,4.0,0.525
7,600ms,11,3.0,0.5750000000000001
7,600ms,12,3.0,0.6250000000000001
7,600ms,13,5.0,0.675
7,600ms,14,4.0,0.7250000000000001
7,600ms,15,0.0,0.775
7,600ms,16,0.0,0.8250000000000001
7,600ms,17,0.0,0.8750000000000001
7,600ms,18,0.0,0.925
7,600ms,19,0.0,0.9750000000000001
7,600ms,20,0.0,1.025
7,600ms,21,0.0,1.075
7,600ms,22,0.0,1.125
7,600ms,23,0.0,1.175
7,600ms,24,0.0,1.225
7,600ms,25,0.0,1.275
7,600ms,26,0.0,1.325
7,600ms,27,0.0,1.375
7,600ms,28,0.0,1.425
7,600ms,29,0.0,1.475
7,600ms,30,0.0,1.525
7,600ms,31,0.0,1.575
7,600ms,32,0.0,1.625
7,600ms,33,0.0,1.675
7,600ms,34,0.0,1.725
7,600ms,35,0.0,1.775
7,900ms,0,0.0,0.025
7,900ms,1,0.0,0.07500000000000001
7,900ms,2,0.0,0.125
7,900ms,3,1.0,0.17500000000000002
7,900ms,4,1.0,0.225
7,900ms,5,1.0,0.275
7,900ms,6,1.0,0.32500000000000007
7,900ms,7,1.0,0.37500000000000006
7,900ms,8,1.0,0.42500000000000004
7,900ms,9,0.0,0.47500000000000003
7,900ms,10,1.0,0.525
7,900ms,11,0.0,0.5750000000000001
7,900ms,12,0.0,0.6250000000000001
7,900ms,13,0.0,0.675
7,900ms,14,1.0,0.7250000000000001
7,900ms,15,1.0,0.775
7,900ms,16,0.0,0.8250000000000001
7,900ms,17,0.0,0.8750000000000001
7,900ms,18,2.0,0.925
7,900ms,19,0.0,0.9750000000000001
7,900ms,20,0.0,1.025
7,900ms,21,0.0,1.075
7,900ms,22,0.0,1.125
7,900ms,23,1.0,1.175
7,900ms,24,0.0,1.225
7,900ms,25,0.0,1.275
7,900ms,26,0.0,1.325
7,900ms,27,1.0,1.375
7,900ms,28,0.0,1.425
7,900ms,29,1.0,1.475
7,900ms,30,0.0,1.525
7,900ms,31,0.0,1.575
7,900ms,32,0.0,1.625
7,900ms,33,0.0,1.675
7,900ms,34,0.0,1.725
7,900ms,35,1.0,1.775
8,300ms,0,3.0,0.025
8,300ms,1,0.0,0.07500000000000001
8,300ms,2,3.0,0.125
8,300ms,3,1.0,0.17500000000000002
8,300ms,4,3.0,0.225
8,300ms,5,11.0,0.275
8,300ms,6,17.0,0.32500000000000007
8,300ms,7,9.0,0.37500000000000006
8,300ms,8,3.0,0.42500000000000004
8,300ms,9,0.0,0.47500000000000003
8,300ms,10,0.0,0.525
8,300ms,11,1.0,0.5750000000000001
8,300ms,12,0.0,0.6250000000000001
8,300ms,13,0.0,0.675
8,300ms,14,0.0,0.7250000000000001
8,300ms,15,0.0,0.775
8,300ms,16,0.0,0.8250000000000001
8,300ms,17,0.0,0.8750000000000001
8,300ms,18,0.0,0.925
8,300ms,19,0.0,0.9750000000000001
8,300ms,20,0.0,1.025
8,300ms,21,0.0,1.075
8,300ms,22,0.0,1.125
8,300ms,23,0.0,1.175
8,300ms,24,0.0,1.225
8,300ms,25,0.0,1.275
8,300ms,26,0.0,1.325
8,300ms,27,0.0,1.375
8,300ms,28,0.0,1.425
8,300ms,29,0.0,1.475
8,300ms,30,0.0,1.525
8,300ms,31,0.0,1.575
8,300ms,32,0.0,1.625
8,300ms,33,0.0,1.675
8,300ms,34,0.0,1.725
8,300ms,35,0.0,1.775
8,600ms,0,0.0,0.025
8,600ms,1,0.0,0.07500000000000001
8,600ms,2,0.0,0.125
8,600ms,3,0.0,0.17500000000000002
8,600ms,4,1.0,0.225
8,600ms,5,0.0,0.275
8,600ms,6,0.0,0.32500000000000007
8,600ms,7,5.0,0.37500000000000006
8,600ms,8,8.0,0.42500000000000004
8,600ms,9,7.0,0.47500000000000003
8,600ms,10,9.0,0.525
8,600ms,11,8.0,0.5750000000000001
8,600ms,12,9.0,0.6250000000000001
8,600ms,13,7.0,0.675
8,600ms,14,3.0,0.7250000000000001
8,600ms,15,12.0,0.775
8,600ms,16,4.0,0.8250000000000001
8,600ms,17,4.0,0.8750000000000001
8,600ms,18,1.0,0.925
8,600ms,19,2.0,0.9750000000000001
8,600ms,20,1.0,1.025
8,600ms,21,0.0,1.075
8,600ms,22,0.0,1.125
8,600ms,23,0.0,1.175
8,600ms,24,0.0,1.225
8,600ms,25,0.0,1.275
8,600ms,26,0.0,1.325
8,600ms,27,0.0,1.375
8,600ms,28,0.0,1.425
8,600ms,29,0.0,1.475
8,600ms,30,0.0,1.525
8,600ms,31,0.0,1.575
8,600ms,32,0.0,1.625
8,600ms,33,0.0,1.675
8,600ms,34,0.0,1.725
8,600ms,35,0.0,1.775
8,900ms,0,2.0,0.025
8,900ms,1,0.0,0.07500000000000001
8,900ms,2,0.0,0.125
8,900ms,3,1.0,0.17500000000000002
8,900ms,4,5.0,0.225
8,900ms,5,5.0,0.275
8,900ms,6,7.0,0.32500000000000007
8,900ms,7,5.0,0.37500000000000006
8,900ms,8,8.0,0.42500000000000004
8,900ms,9,4.0,0.47500000000000003
8,900ms,10,5.0,0.525
8,900ms,11,2.0,0.5750000000000001
8,900ms,12,1.0,0.6250000000000001
8,900ms,13,4.0,0.675
8,900ms,14,0.0,0.7250000000000001
8,900ms,15,1.0,0.775
8,900ms,16,1.0,0.8250000000000001
8,900ms,17,2.0,0.8750000000000001
8,900ms,18,4.0,0.925
8,900ms,19,1.0,0.9750000000000001
8,900ms,20,5.0,1.025
8,900ms,21,4.0,1.075
8,900ms,22,6.0,1.125
8,900ms,23,3.0,1.175
8,900ms,24,2.0,1.225
8,900ms,25,0.0,1.275
8,900ms,26,0.0,1.325
8,900ms,27,1.0,1.375
8,900ms,28,0.0,1.425
8,900ms,29,0.0,1.475
8,900ms,30,1.0,1.525
8,900ms,31,0.0,1.575
8,900ms,32,0.0,1.625
8,900ms,33,0.0,1.675
8,900ms,34,0.0,1.725
8,900ms,35,0.0,1.775
9,300ms,0,0.0,0.025
9,300ms,1,1.0,0.07500000000000001
9,300ms,2,0.0,0.125
9,300ms,3,1.0,0.17500000000000002
9,300ms,4,1.0,0.225
9,300ms,5,5.0,0.275
9,300ms,6,0.0,0.32500000000000007
9,300ms,7,3.0,0.37500000000000006
9,300ms,8,2.0,0.42500000000000004
9,300ms,9,4.0,0.47500000000000003
9,300ms,10,0.0,0.525
9,300ms,11,1.0,0.5750000000000001
9,300ms,12,0.0,0.6250000000000001
9,300ms,13,0.0,0.675
9,300ms,14,0.0,0.7250000000000001
9,300ms,15,0.0,0.775
9,300ms,16,0.0,0.8250000000000001
9,300ms,17,0.0,0.8750000000000001
9,300ms,18,0.0,0.925
9,300ms,19,0.0,0.9750000000000001
9,300ms,20,0.0,1.025
9,300ms,21,0.0,1.075
9,300ms,22,0.0,1.125
9,300ms,23,0.0,1.175
9,300ms,24,0.0,1.225
9,300ms,25,0.0,1.275
9,300ms,26,0.0,1.325
9,300ms,27,0.0,1.375
9,300ms,28,0.0,1.425
9,300ms,29,0.0,1.475
9,300ms,30,0.0,1.525
9,300ms,31,0.0,1.575
9,300ms,32,0.0,1.625
9,300ms,33,0.0,1.675
9,300ms,34,0.0,1.725
9,300ms,35,0.0,1.775
9,600ms,0,1.0,0.025
9,600ms,1,0.0,0.07500000000000001
9,600ms,2,1.0,0.125
9,600ms,3,0.0,0.17500000000000002
9,600ms,4,0.0,0.225
9,600ms,5,2.0,0.275
9,600ms,6,5.0,0.32500000000000007
9,600ms,7,1.0,0.37500000000000006
9,600ms,8,10.0,0.42500000000000004
9,600ms,9,6.0,0.47500000000000003
9,600ms,10,6.0,0.525
9,600ms,11,5.0,0.5750000000000001
9,600ms,12,11.0,0.6250000000000001
9,600ms,13,7.0,0.675
9,600ms,14,7.0,0.7250000000000001
9,600ms,15,5.0,0.775
9,600ms,16,1.0,0.8250000000000001
9,600ms,17,1.0,0.8750000000000001
9,600ms,18,0.0,0.925
9,600ms,19,0.0,0.9750000000000001
9,600ms,20,0.0,1.025
9,600ms,21,0.0,1.075
9,600ms,22,0.0,1.125
9,600ms,23,0.0,1.175
9,600ms,24,0.0,1.225
9,600ms,25,0.0,1.275
9,600ms,26,0.0,1.325
9,600ms,27,0.0,1.375
9,600ms,28,0.0,1.425
9,600ms,29,0.0,1.475
9,600ms,30,0.0,1.525
9,600ms,31,0.0,1.575
9,600ms,32,0.0,1.625
9,600ms,33,0.0,1.675
9,600ms,34,0.0,1.725
9,600ms,35,0.0,1.775
9,900ms,0,0.0,0.025
9,900ms,1,0.0,0.07500000000000001
9,900ms,2,0.0,0.125
9,900ms,3,0.0,0.17500000000000002
9,900ms,4,2.0,0.225
9,900ms,5,3.0,0.275
9,900ms,6,1.0,0.32500000000000007
9,900ms,7,3.0,0.37500000000000006
9,900ms,8,4.0,0.42500000000000004
9,900ms,9,4.0,0.47500000000000003
9,900ms,10,9.0,0.525
9,900ms,11,4.0,0.5750000000000001
9,900ms,12,5.0,0.6250000000000001
9,900ms,13,3.0,0.675
9,900ms,14,2.0,0.7250000000000001
9,900ms,15,0.0,0.775
9,900ms,16,0.0,0.8250000000000001
9,900ms,17,1.0,0.8750000000000001
9,900ms,18,1.0,0.925
9,900ms,19,1.0,0.9750000000000001
9,900ms,20,2.0,1.025
9,900ms,21,1.0,1.075
9,900ms,22,1.0,1.125
9,900ms,23,1.0,1.175
9,900ms,24,0.0,1.225
9,900ms,25,0.0,1.275
9,900ms,26,0.0,1.325
9,900ms,27,0.0,1.375
9,900ms,28,0.0,1.425
9,900ms,29,0.0,1.475
9,900ms,30,0.0,1.525
9,900ms,31,0.0,1.575
9,900ms,32,0.0,1.625
9,900ms,33,0.0,1.675
9,900ms,34,0.0,1.725
9,900ms,35,1.0,1.775
10,300ms,0,2.0,0.025
10,300ms,1,1.0,0.07500000000000001
10,300ms,2,0.0,0.125
10,300ms,3,0.0,0.17500000000000002
10,300ms,4,2.0,0.225
10,300ms,5,3.0,0.275
10,300ms,6,1.0,0.32500000000000007
10,300ms,7,3.0,0.37500000000000006
10,300ms,8,5.0,0.42500000000000004
10,300ms,9,0.0,0.47500000000000003
10,300ms,10,0.0,0.525
10,300ms,11,1.0,0.5750000000000001
10,300ms,12,0.0,0.6250000000000001
10,300ms,13,0.0,0.675
10,300ms,14,0.0,0.7250000000000001
10,300ms,15,0.0,0.775
10,300ms,16,0.0,0.8250000000000001
10,300ms,17,0.0,0.8750000000000001
10,300ms,18,0.0,0.925
10,300ms,19,0.0,0.9750000000000001
10,300ms,20,0.0,1.025
10,300ms,21,0.0,1.075
10,300ms,22,0.0,1.125
10,300ms,23,0.0,1.175
10,300ms,24,0.0,1.225
10,300ms,25,0.0,1.275
10,300ms,26,0.0,1.325
10,300ms,27,0.0,1.375
10,300ms,28,0.0,1.425
10,300ms,29,0.0,1.475
10,300ms,30,0.0,1.525
10,300ms,31,0.0,1.575
10,300ms,32,0.0,1.625
10,300ms,33,0.0,1.675
10,300ms,34,0.0,1.725
10,300ms,35,0.0,1.775
10,600ms,0,0.0,0.025
10,600ms,1,0.0,0.07500000000000001
10,600ms,2,0.0,0.125
10,600ms,3,0.0,0.17500000000000002
10,600ms,4,0.0,0.225
10,600ms,5,0.0,0.275
10,600ms,6,1.0,0.32500000000000007
10,600ms,7,1.0,0.37500000000000006
10,600ms,8,1.0,0.42500000000000004
10,600ms,9,0.0,0.47500000000000003
10,600ms,10,1.0,0.525
10,600ms,11,1.0,0.5750000000000001
10,600ms,12,1.0,0.6250000000000001
10,600ms,13,4.0,0.675
10,600ms,14,1.0,0.7250000000000001
10,600ms,15,6.0,0.775
10,600ms,16,2.0,0.8250000000000001
10,600ms,17,2.0,0.8750000000000001
10,600ms,18,1.0,0.925
10,600ms,19,1.0,0.9750000000000001
10,600ms,20,0.0,1.025
10,600ms,21,0.0,1.075
10,600ms,22,0.0,1.125
10,600ms,23,1.0,1.175
10,600ms,24,0.0,1.225
10,600ms,25,0.0,1.275
10,600ms,26,0.0,1.325
10,600ms,27,0.0,1.375
10,600ms,28,0.0,1.425
10,600ms,29,0.0,1.475
10,600ms,30,0.0,1.525
10,600ms,31,0.0,1.575
10,600ms,32,0.0,1.625
10,600ms,33,0.0,1.675
10,600ms,34,0.0,1.725
10,600ms,35,0.0,1.775
10,900ms,0,,0.025
10,900ms,1,,0.07500000000000001
10,900ms,2,,0.125
10,900ms,3,,0.17500000000000002
10,900ms,4,,0.225
10,900ms,5,,0.275
10,900ms,6,,0.32500000000000007
10,900ms,7,,0.37500000000000006
10,900ms,8,,0.42500000000000004
10,900ms,9,,0.47500000000000003
10,900ms,10,,0.525
10,900ms,11,,0.5750000000000001
10,900ms,12,,0.6250000000000001
10,900ms,13,,0.675
10,900ms,14,,0.7250000000000001
10,900ms,15,,0.775
10,900ms,16,,0.8250000000000001
10,900ms,17,,0.8750000000000001
10,900ms,18,,0.925
10,900ms,19,,0.9750000000000001
10,900ms,20,,1.025
10,900ms,21,,1.075
10,900ms,22,,1.125
10,900ms,23,,1.175
10,900ms,24,,1.225
10,900ms,25,,1.275
10,900ms,26,,1.325
10,900ms,27,,1.375
10,900ms,28,,1.425
10,900ms,29,,1.475
10,900ms,30,,1.525
10,900ms,31,,1.575
10,900ms,32,,1.625
10,900ms,33,,1.675
10,900ms,34,,1.725
10,900ms,35,,1.775
11,300ms,0,0.0,0.025
11,300ms,1,0.0,0.07500000000000001
11,300ms,2,0.0,0.125
11,300ms,3,0.0,0.17500000000000002
11,300ms,4,0.0,0.225
11,300ms,5,0.0,0.275
11,300ms,6,1.0,0.32500000000000007
11,300ms,7,0.0,0.37500000000000006
11,300ms,8,2.0,0.42500000000000004
11,300ms,9,1.0,0.47500000000000003
11,300ms,10,0.0,0.525
11,300ms,11,1.0,0.5750000000000001
11,300ms,12,0.0,0.6250000000000001
11,300ms,13,0.0,0.675
11,300ms,14,0.0,0.7250000000000001
11,300ms,15,0.0,0.775
11,300ms,16,0.0,0.8250000000000001
11,300ms,17,0.0,0.8750000000000001
11,300ms,18,0.0,0.925
11,300ms,19,0.0,0.9750000000000001
11,300ms,20,0.0,1.025
11,300ms,21,0.0,1.075
11,300ms,22,0.0,1.125
11,300ms,23,0.0,1.175
11,300ms,24,0.0,1.225
11,300ms,25,0.0,1.275
11,300ms,26,0.0,1.325
11,300ms,27,0.0,1.375
11,300ms,28,0.0,1.425
11,300ms,29,0.0,1.475
11,300ms,30,0.0,1.525
11,300ms,31,0.0,1.575
11,300ms,32,0.0,1.625
11,300ms,33,0.0,1.675
11,300ms,34,0.0,1.725
11,300ms,35,0.0,1.775
11,600ms,0,1.0,0.025
11,600ms,1,0.0,0.07500000000000001
11,600ms,2,0.0,0.125
11,600ms,3,0.0,0.17500000000000002
11,600ms,4,0.0,0.225
11,600ms,5,1.0,0.275
11,600ms,6,2.0,0.32500000000000007
11,600ms,7,1.0,0.37500000000000006
11,600ms,8,1.0,0.42500000000000004
11,600ms,9,1.0,0.47500000000000003
11,600ms,10,2.0,0.525
11,600ms,11,3.0,0.5750000000000001
11,600ms,12,1.0,0.6250000000000001
11,600ms,13,0.0,0.675
11,600ms,14,0.0,0.7250000000000001
11,600ms,15,0.0,0.775
11,600ms,16,2.0,0.8250000000000001
11,600ms,17,1.0,0.8750000000000001
11,600ms,18,0.0,0.925
11,600ms,19,0.0,0.9750000000000001
11,600ms,20,0.0,1.025
11,600ms,21,0.0,1.075
11,600ms,22,0.0,1.125
11,600ms,23,0.0,1.175
11,600ms,24,0.0,1.225
11,600ms,25,0.0,1.275
11,600ms,26,0.0,1.325
11,600ms,27,0.0,1.375
11,600ms,28,0.0,1.425
11,600ms,29,0.0,1.475
11,600ms,30,0.0,1.525
11,600ms,31,0.0,1.575
11,600ms,32,0.0,1.625
11,600ms,33,0.0,1.675
11,600ms,34,0.0,1.725
11,600ms,35,0.0,1.775
11,900ms,0,,0.025
11,900ms,1,,0.07500000000000001
11,900ms,2,,0.125
11,900ms,3,,0.17500000000000002
11,900ms,4,,0.225
11,900ms,5,,0.275
11,900ms,6,,0.32500000000000007
11,900ms,7,,0.37500000000000006
11,900ms,8,,0.42500000000000004
11,900ms,9,,0.47500000000000003
11,900ms,10,,0.525
11,900ms,11,,0.5750000000000001
11,900ms,12,,0.6250000000000001
11,900ms,13,,0.675
11,900ms,14,,0.7250000000000001
11,900ms,15,,0.775
11,900ms,16,,0.8250000000000001
11,900ms,17,,0.8750000000000001
11,900ms,18,,0.925
11,900ms,19,,0.9750000000000001
11,900ms,20,,1.025
11,900ms,21,,1.075
11,900ms,22,,1.125
11,900ms,23,,1.175
11,900ms,24,,1.225
11,900ms,25,,1.275
11,900ms,26,,1.325
11,900ms,27,,1.375
11,900ms,28,,1.425
11,900ms,29,,1.475
11,900ms,30,,1.525
11,900ms,31,,1.575
11,900ms,32,,1.625
11,900ms,33,,1.675
11,900ms,34,,1.725
11,900ms,35,,1.775
12,300ms,0,0.0,0.025
12,300ms,1,0.0,0.07500000000000001
12,300ms,2,0.0,0.125
12,300ms,3,9.0,0.17500000000000002
12,300ms,4,3.0,0.225
12,300ms,5,3.0,0.275
12,300ms,6,5.0,0.32500000000000007
12,300ms,7,2.0,0.37500000000000006
12,300ms,8,1.0,0.42500000000000004
12,300ms,9,0.0,0.47500000000000003
12,300ms,10,0.0,0.525
12,300ms,11,1.0,0.5750000000000001
12,300ms,12,0.0,0.6250000000000001
12,300ms,13,0.0,0.675
12,300ms,14,0.0,0.7250000000000001
12,300ms,15,0.0,0.775
12,300ms,16,0.0,0.8250000000000001
12,300ms,17,0.0,0.8750000000000001
12,300ms,18,0.0,0.925
12,300ms,19,0.0,0.9750000000000001
12,300ms,20,0.0,1.025
12,300ms,21,0.0,1.075
12,300ms,22,0.0,1.125
12,300ms,23,0.0,1.175
12,300ms,24,0.0,1.225
12,300ms,25,0.0,1.275
12,300ms,26,0.0,1.325
12,300ms,27,0.0,1.375
12,300ms,28,0.0,1.425
12,300ms,29,0.0,1.475
12,300ms,30,0.0,1.525
12,300ms,31,0.0,1.575
12,300ms,32,0.0,1.625
12,300ms,33,0.0,1.675
12,300ms,34,0.0,1.725
12,300ms,35,0.0,1.775
12,600ms,0,0.0,0.025
12,600ms,1,0.0,0.07500000000000001
12,600ms,2,1.0,0.125
12,600ms,3,1.0,0.17500000000000002
12,600ms,4,4.0,0.225
12,600ms,5,2.0,0.275
12,600ms,6,2.0,0.32500000000000007
12,600ms,7,3.0,0.37500000000000006
12,600ms,8,0.0,0.42500000000000004
12,600ms,9,1.0,0.47500000000000003
12,600ms,10,0.0,0.525
12,600ms,11,0.0,0.5750000000000001
12,600ms,12,0.0,0.6250000000000001
12,600ms,13,0.0,0.675
12,600ms,14,0.0,0.7250000000000001
12,600ms,15,0.0,0.775
12,600ms,16,0.0,0.8250000000000001
12,600ms,17,1.0,0.8750000000000001
12,600ms,18,0.0,0.925
12,600ms,19,0.0,0.9750000000000001
12,600ms,20,0.0,1.025
12,600ms,21,0.0,1.075
12,600ms,22,0.0,1.125
12,600ms,23,1.0,1.175
12,600ms,24,0.0,1.225
12,600ms,25,0.0,1.275
12,600ms,26,0.0,1.325
12,600ms,27,0.0,1.375
12,600ms,28,0.0,1.425
12,600ms,29,0.0,1.475
12,600ms,30,0.0,1.525
12,600ms,31,0.0,1.575
12,600ms,32,0.0,1.625
12,600ms,33,0.0,1.675
12,600ms,34,0.0,1.725
12,600ms,35,0.0,1.775
12,900ms,0,0.0,0.025
12,900ms,1,0.0,0.07500000000000001
12,900ms,2,0.0,0.125
12,900ms,3,2.0,0.17500000000000002
12,900ms,4,2.0,0.225
12,900ms,5,6.0,0.275
12,900ms,6,3.0,0.32500000000000007
12,900ms,7,3.0,0.37500000000000006
12,900ms,8,1.0,0.42500000000000004
12,900ms,9,3.0,0.47500000000000003
12,900ms,10,0.0,0.525
12,900ms,11,1.0,0.5750000000000001
12,900ms,12,1.0,0.6250000000000001
12,900ms,13,0.0,0.675
12,900ms,14,0.0,0.7250000000000001
12,900ms,15,0.0,0.775
12,900ms,16,0.0,0.8250000000000001
12,900ms,17,0.0,0.8750000000000001
12,900ms,18,0.0,0.925
12,900ms,19,0.0,0.9750000000000001
12,900ms,20,0.0,1.025
12,900ms,21,0.0,1.075
12,900ms,22,0.0,1.125
12,900ms,23,0.0,1.175
12,900ms,24,0.0,1.225
12,900ms,25,0.0,1.275
12,900ms,26,0.0,1.325
12,900ms,27,0.0,1.375
12,900ms,28,0.0,1.425
12,900ms,29,0.0,1.475
12,900ms,30,0.0,1.525
12,900ms,31,0.0,1.575
12,900ms,32,0.0,1.625
12,900ms,33,0.0,1.675
12,900ms,34,0.0,1.725
12,900ms,35,1.0,1.775
13,300ms,0,0.0,0.025
13,300ms,1,0.0,0.07500000000000001
13,300ms,2,8.0,0.125
13,300ms,3,7.0,0.17500000000000002
13,300ms,4,16.0,0.225
13,300ms,5,17.0,0.275
13,300ms,6,8.0,0.32500000000000007
13,300ms,7,14.0,0.37500000000000006
13,300ms,8,4.0,0.42500000000000004
13,300ms,9,2.0,0.47500000000000003
13,300ms,10,0.0,0.525
13,300ms,11,1.0,0.5750000000000001
13,300ms,12,0.0,0.6250000000000001
13,300ms,13,0.0,0.675
13,300ms,14,0.0,0.7250000000000001
13,300ms,15,0.0,0.775
13,300ms,16,0.0,0.8250000000000001
13,300ms,17,0.0,0.8750000000000001
13,300ms,18,0.0,0.925
13,300ms,19,0.0,0.9750000000000001
13,300ms,20,0.0,1.025
13,300ms,21,0.0,1.075
13,300ms,22,0.0,1.125
13,300ms,23,0.0,1.175
13,300ms,24,0.0,1.225
13,300ms,25,0.0,1.275
13,300ms,26,0.0,1.325
13,300ms,27,0.0,1.375
13,300ms,28,0.0,1.425
13,300ms,29,0.0,1.475
13,300ms,30,0.0,1.525
13,300ms,31,0.0,1.575
13,300ms,32,0.0,1.625
13,300ms,33,0.0,1.675
13,300ms,34,0.0,1.725
13,300ms,35,0.0,1.775
13,600ms,0,1.0,0.025
13,600ms,1,0.0,0.07500000000000001
13,600ms,2,1.0,0.125
13,600ms,3,7.0,0.17500000000000002
13,600ms,4,7.0,0.225
13,600ms,5,7.0,0.275
13,600ms,6,4.0,0.32500000000000007
13,600ms,7,7.0,0.37500000000000006
13,600ms,8,3.0,0.42500000000000004
13,600ms,9,2.0,0.47500000000000003
13,600ms,10,0.0,0.525
13,600ms,11,2.0,0.5750000000000001
13,600ms,12,0.0,0.6250000000000001
13,600ms,13,4.0,0.675
13,600ms,14,1.0,0.7250000000000001
13,600ms,15,1.0,0.775
13,600ms,16,0.0,0.8250000000000001
13,600ms,17,0.0,0.8750000000000001
13,600ms,18,0.0,0.925
13,600ms,19,0.0,0.9750000000000001
13,600ms,20,0.0,1.025
13,600ms,21,0.0,1.075
13,600ms,22,0.0,1.125
13,600ms,23,1.0,1.175
13,600ms,24,0.0,1.225
13,600ms,25,0.0,1.275
13,600ms,26,0.0,1.325
13,600ms,27,0.0,1.375
13,600ms,28,0.0,1.425
13,600ms,29,0.0,1.475
13,600ms,30,0.0,1.525
13,600ms,31,0.0,1.575
13,600ms,32,0.0,1.625
13,600ms,33,0.0,1.675
13,600ms,34,0.0,1.725
13,600ms,35,0.0,1.775
13,900ms,0,0.0,0.025
13,900ms,1,0.0,0.07500000000000001
13,900ms,2,1.0,0.125
13,900ms,3,0.0,0.17500000000000002
13,900ms,4,0.0,0.225
13,900ms,5,3.0,0.275
13,900ms,6,1.0,0.32500000000000007
13,900ms,7,0.0,0.37500000000000006
13,900ms,8,2.0,0.42500000000000004
13,900ms,9,0.0,0.47500000000000003
13,900ms,10,0.0,0.525
13,900ms,11,1.0,0.5750000000000001
13,900ms,12,0.0,0.6250000000000001
13,900ms,13,0.0,0.675
13,900ms,14,0.0,0.7250000000000001
13,900ms,15,0.0,0.775
13,900ms,16,1.0,0.8250000000000001
13,900ms,17,2.0,0.8750000000000001
13,900ms,18,0.0,0.925
13,900ms,19,0.0,0.9750000000000001
13,900ms,20,0.0,1.025
13,900ms,21,0.0,1.075
13,900ms,22,0.0,1.125
13,900ms,23,0.0,1.175
13,900ms,24,0.0,1.225
13,900ms,25,1.0,1.275
13,900ms,26,0.0,1.325
13,900ms,27,0.0,1.375
13,900ms,28,1.0,1.425
13,900ms,29,0.0,1.475
13,900ms,30,0.0,1.525
13,900ms,31,0.0,1.575
13,900ms,32,0.0,1.625
13,900ms,33,0.0,1.675
13,900ms,34,0.0,1.725
13,900ms,35,1.0,1.775
14,300ms,0,,0.025
14,300ms,1,,0.07500000000000001
14,300ms,2,,0.125
14,300ms,3,,0.17500000000000002
14,300ms,4,,0.225
14,300ms,5,,0.275
14,300ms,6,,0.32500000000000007
14,300ms,7,,0.37500000000000006
14,300ms,8,,0.42500000000000004
14,300ms,9,,0.47500000000000003
14,300ms,10,,0.525
14,300ms,11,,0.5750000000000001
14,300ms,12,,0.6250000000000001
14,300ms,13,,0.675
14,300ms,14,,0.7250000000000001
14,300ms,15,,0.775
14,300ms,16,,0.8250000000000001
14,300ms,17,,0.8750000000000001
14,300ms,18,,0.925
14,300ms,19,,0.9750000000000001
14,300ms,20,,1.025
14,300ms,21,,1.075
14,300ms,22,,1.125
14,300ms,23,,1.175
14,300ms,24,,1.225
14,300ms,25,,1.275
14,300ms,26,,1.325
14,300ms,27,,1.375
14,300ms,28,,1.425
14,300ms,29,,1.475
14,300ms,30,,1.525
14,300ms,31,,1.575
14,300ms,32,,1.625
14,300ms,33,,1.675
14,300ms,34,,1.725
14,300ms,35,,1.775
14,600ms,0,3.0,0.025
14,600ms,1,1.0,0.07500000000000001
14,600ms,2,1.0,0.125
14,600ms,3,0.0,0.17500000000000002
14,600ms,4,4.0,0.225
14,600ms,5,5.0,0.275
14,600ms,6,1.0,0.32500000000000007
14,600ms,7,3.0,0.37500000000000006
14,600ms,8,3.0,0.42500000000000004
14,600ms,9,1.0,0.47500000000000003
14,600ms,10,2.0,0.525
14,600ms,11,1.0,0.5750000000000001
14,600ms,12,1.0,0.6250000000000001
14,600ms,13,1.0,0.675
14,600ms,14,2.0,0.7250000000000001
14,600ms,15,0.0,0.775
14,600ms,16,1.0,0.8250000000000001
14,600ms,17,3.0,0.8750000000000001
14,600ms,18,0.0,0.925
14,600ms,19,0.0,0.9750000000000001
14,600ms,20,0.0,1.025
14,600ms,21,0.0,1.075
14,600ms,22,0.0,1.125
14,600ms,23,0.0,1.175
14,600ms,24,0.0,1.225
14,600ms,25,0.0,1.275
14,600ms,26,0.0,1.325
14,600ms,27,0.0,1.375
14,600ms,28,0.0,1.425
14,600ms,29,0.0,1.475
14,600ms,30,0.0,1.525
14,600ms,31,0.0,1.575
14,600ms,32,0.0,1.625
14,600ms,33,0.0,1.675
14,600ms,34,0.0,1.725
14,600ms,35,0.0,1.775
14,900ms,0,0.0,0.025
14,900ms,1,0.0,0.07500000000000001
14,900ms,2,1.0,0.125
14,900ms,3,0.0,0.17500000000000002
14,900ms,4,0.0,0.225
14,900ms,5,0.0,0.275
14,900ms,6,0.0,0.32500000000000007
14,900ms,7,1.0,0.37500000000000006
14,900ms,8,0.0,0.42500000000000004
14,900ms,9,0.0,0.47500000000000003
14,900ms,10,0.0,0.525
14,900ms,11,0.0,0.5750000000000001
14,900ms,12,0.0,0.6250000000000001
14,900ms,13,1.0,0.675
14,900ms,14,1.0,0.7250000000000001
14,900ms,15,0.0,0.775
14,900ms,16,0.0,0.8250000000000001
14,900ms,17,0.0,0.8750000000000001
14,900ms,18,0.0,0.925
14,900ms,19,1.0,0.9750000000000001
14,900ms,20,1.0,1.025
14,900ms,21,0.0,1.075
14,900ms,22,0.0,1.125
14,900ms,23,0.0,1.175
14,900ms,24,0.0,1.225
14,900ms,25,0.0,1.275
14,900ms,26,1.0,1.325
14,900ms,27,0.0,1.375
14,900ms,28,0.0,1.425
14,900ms,29,0.0,1.475
14,900ms,30,0.0,1.525
14,900ms,31,0.0,1.575
14,900ms,32,0.0,1.625
14,900ms,33,0.0,1.675
14,900ms,34,0.0,1.725
14,900ms,35,1.0,1.775
15,300ms,0,0.0,0.025
15,300ms,1,2.0,0.07500000000000001
15,300ms,2,2.0,0.125
15,300ms,3,14.0,0.17500000000000002
15,300ms,4,19.0,0.225
15,300ms,5,19.0,0.275
15,300ms,6,28.0,0.32500000000000007
15,300ms,7,25.0,0.37500000000000006
15,300ms,8,13.0,0.42500000000000004
15,300ms,9,2.0,0.47500000000000003
15,300ms,10,1.0,0.525
15,300ms,11,0.0,0.5750000000000001
15,300ms,12,0.0,0.6250000000000001
15,300ms,13,0.0,0.675
15,300ms,14,0.0,0.7250000000000001
15,300ms,15,0.0,0.775
15,300ms,16,0.0,0.8250000000000001
15,300ms,17,0.0,0.8750000000000001
15,300ms,18,0.0,0.925
15,300ms,19,0.0,0.9750000000000001
15,300ms,20,0.0,1.025
15,300ms,21,0.0,1.075
15,300ms,22,0.0,1.125
15,300ms,23,0.0,1.175
15,300ms,24,0.0,1.225
15,300ms,25,0.0,1.275
15,300ms,26,0.0,1.325
15,300ms,27,0.0,1.375
15,300ms,28,0.0,1.425
15,300ms,29,0.0,1.475
15,300ms,30,0.0,1.525
15,300ms,31,0.0,1.575
15,300ms,32,0.0,1.625
15,300ms,33,0.0,1.675
15,300ms,34,0.0,1.725
15,300ms,35,0.0,1.775
15,600ms,0,1.0,0.025
15,600ms,1,4.0,0.07500000000000001
15,600ms,2,5.0,0.125
15,600ms,3,6.0,0.17500000000000002
15,600ms,4,19.0,0.225
15,600ms,5,23.0,0.275
15,600ms,6,14.0,0.32500000000000007
15,600ms,7,17.0,0.37500000000000006
15,600ms,8,21.0,0.42500000000000004
15,600ms,9,10.0,0.47500000000000003
15,600ms,10,5.0,0.525
15,600ms,11,6.0,0.5750000000000001
15,600ms,12,2.0,0.6250000000000001
15,600ms,13,3.0,0.675
15,600ms,14,4.0,0.7250000000000001
15,600ms,15,3.0,0.775
15,600ms,16,3.0,0.8250000000000001
15,600ms,17,2.0,0.8750000000000001
15,600ms,18,1.0,0.925
15,600ms,19,0.0,0.9750000000000001
15,600ms,20,1.0,1.025
15,600ms,21,0.0,1.075
15,600ms,22,0.0,1.125
15,600ms,23,1.0,1.175
15,600ms,24,0.0,1.225
15,600ms,25,0.0,1.275
15,600ms,26,0.0,1.325
15,600ms,27,0.0,1.375
15,600ms,28,0.0,1.425
15,600ms,29,0.0,1.475
15,600ms,30,0.0,1.525
15,600ms,31,0.0,1.575
15,600ms,32,0.0,1.625
15,600ms,33,0.0,1.675
15,600ms,34,0.0,1.725
15,600ms,35,0.0,1.775
15,900ms,0,1.0,0.025
15,900ms,1,0.0,0.07500000000000001
15,900ms,2,2.0,0.125
15,900ms,3,4.0,0.17500000000000002
15,900ms,4,5.0,0.225
15,900ms,5,16.0,0.275
15,900ms,6,20.0,0.32500000000000007
15,900ms,7,9.0,0.37500000000000006
15,900ms,8,10.0,0.42500000000000004
15,900ms,9,7.0,0.47500000000000003
15,900ms,10,3.0,0.525
15,900ms,11,3.0,0.5750000000000001
15,900ms,12,1.0,0.6250000000000001
15,900ms,13,0.0,0.675
15,900ms,14,2.0,0.7250000000000001
15,900ms,15,2.0,0.775
15,900ms,16,1.0,0.8250000000000001
15,900ms,17,1.0,0.8750000000000001
15,900ms,18,1.0,0.925
15,900ms,19,1.0,0.9750000000000001
15,900ms,20,4.0,1.025
15,900ms,21,4.0,1.075
15,900ms,22,2.0,1.125
15,900ms,23,0.0,1.175
15,900ms,24,0.0,1.225
15,900ms,25,1.0,1.275
15,900ms,26,0.0,1.325
15,900ms,27,1.0,1.375
15,900ms,28,2.0,1.425
15,900ms,29,0.0,1.475
15,900ms,30,2.0,1.525
15,900ms,31,2.0,1.575
15,900ms,32,0.0,1.625
15,900ms,33,1.0,1.675
15,900ms,34,0.0,1.725
15,900ms,35,1.0,1.775
16,300ms,0,1.0,0.025
16,300ms,1,2.0,0.07500000000000001
16,300ms,2,14.0,0.125
16,300ms,3,17.0,0.17500000000000002
16,300ms,4,19.0,0.225
16,300ms,5,18.0,0.275
16,300ms,6,22.0,0.32500000000000007
16,300ms,7,14.0,0.37500000000000006
16,300ms,8,9.0,0.42500000000000004
16,300ms,9,3.0,0.47500000000000003
16,300ms,10,0.0,0.525
16,300ms,11,1.0,0.5750000000000001
16,300ms,12,0.0,0.6250000000000001
16,300ms,13,0.0,0.675
16,300ms,14,0.0,0.7250000000000001
16,300ms,15,0.0,0.775
16,300ms,16,0.0,0.8250000000000001
16,300ms,17,0.0,0.8750000000000001
16,300ms,18,0.0,0.925
16,300ms,19,0.0,0.9750000000000001
16,300ms,20,0.0,1.025
16,300ms,21,0.0,1.075
16,300ms,22,0.0,1.125
16,300ms,23,0.0,1.175
16,300ms,24,0.0,1.225
16,300ms,25,0.0,1.275
16,300ms,26,0.0,1.325
16,300ms,27,0.0,1.375
16,300ms,28,0.0,1.425
16,300ms,29,0.0,1.475
16,300ms,30,0.0,1.525
16,300ms,31,0.0,1.575
16,300ms,32,0.0,1.625
16,300ms,33,0.0,1.675
16,300ms,34,0.0,1.725
16,300ms,35,0.0,1.775
16,600ms,0,0.0,0.025
16,600ms,1,1.0,0.07500000000000001
16,600ms,2,6.0,0.125
16,600ms,3,12.0,0.17500000000000002
16,600ms,4,4.0,0.225
16,600ms,5,7.0,0.275
16,600ms,6,11.0,0.32500000000000007
16,600ms,7,9.0,0.37500000000000006
16,600ms,8,4.0,0.42500000000000004
16,600ms,9,1.0,0.47500000000000003
16,600ms,10,3.0,0.525
16,600ms,11,6.0,0.5750000000000001
16,600ms,12,6.0,0.6250000000000001
16,600ms,13,7.0,0.675
16,600ms,14,3.0,0.7250000000000001
16,600ms,15,0.0,0.775
16,600ms,16,1.0,0.8250000000000001
16,600ms,17,3.0,0.8750000000000001
16,600ms,18,0.0,0.925
16,600ms,19,1.0,0.9750000000000001
16,600ms,20,1.0,1.025
16,600ms,21,0.0,1.075
16,600ms,22,0.0,1.125
16,600ms,23,1.0,1.175
16,600ms,24,0.0,1.225
16,600ms,25,0.0,1.275
16,600ms,26,0.0,1.325
16,600ms,27,0.0,1.375
16,600ms,28,0.0,1.425
16,600ms,29,0.0,1.475
16,600ms,30,0.0,1.525
16,600ms,31,0.0,1.575
16,600ms,32,0.0,1.625
16,600ms,33,0.0,1.675
16,600ms,34,0.0,1.725
16,600ms,35,0.0,1.775
16,900ms,0,0.0,0.025
16,900ms,1,0.0,0.07500000000000001
16,900ms,2,0.0,0.125
16,900ms,3,1.0,0.17500000000000002
16,900ms,4,0.0,0.225
16,900ms,5,2.0,0.275
16,900ms,6,4.0,0.32500000000000007
16,900ms,7,4.0,0.37500000000000006
16,900ms,8,2.0,0.42500000000000004
16,900ms,9,2.0,0.47500000000000003
16,900ms,10,3.0,0.525
16,900ms,11,0.0,0.5750000000000001
16,900ms,12,0.0,0.6250000000000001
16,900ms,13,1.0,0.675
16,900ms,14,0.0,0.7250000000000001
16,900ms,15,1.0,0.775
16,900ms,16,0.0,0.8250000000000001
16,900ms,17,1.0,0.8750000000000001
16,900ms,18,0.0,0.925
16,900ms,19,0.0,0.9750000000000001
16,900ms,20,0.0,1.025
16,900ms,21,1.0,1.075
16,900ms,22,1.0,1.125
16,900ms,23,0.0,1.175
16,900ms,24,0.0,1.225
16,900ms,25,0.0,1.275
16,900ms,26,0.0,1.325
16,900ms,27,1.0,1.375
16,900ms,28,1.0,1.425
16,900ms,29,0.0,1.475
16,900ms,30,1.0,1.525
16,900ms,31,1.0,1.575
16,900ms,32,1.0,1.625
16,900ms,33,0.0,1.675
16,900ms,34,0.0,1.725
16,900ms,35,1.0,1.775
17,300ms,0,0.0,0.025
17,300ms,1,0.0,0.07500000000000001
17,300ms,2,2.0,0.125
17,300ms,3,13.0,0.17500000000000002
17,300ms,4,17.0,0.225
17,300ms,5,11.0,0.275
17,300ms,6,12.0,0.32500000000000007
17,300ms,7,10.0,0.37500000000000006
17,300ms,8,3.0,0.42500000000000004
17,300ms,9,0.0,0.47500000000000003
17,300ms,10,0.0,0.525
17,300ms,11,1.0,0.5750000000000001
17,300ms,12,0.0,0.6250000000000001
17,300ms,13,0.0,0.675
17,300ms,14,0.0,0.7250000000000001
17,300ms,15,0.0,0.775
17,300ms,16,0.0,0.8250000000000001
17,300ms,17,0.0,0.8750000000000001
17,300ms,18,0.0,0.925
17,300ms,19,0.0,0.9750000000000001
17,300ms,20,0.0,1.025
17,300ms,21,0.0,1.075
17,300ms,22,0.0,1.125
17,300ms,23,0.0,1.175
17,300ms,24,0.0,1.225
17,300ms,25,0.0,1.275
17,300ms,26,0.0,1.325
17,300ms,27,0.0,1.375
17,300ms,28,0.0,1.425
17,300ms,29,0.0,1.475
17,300ms,30,0.0,1.525
17,300ms,31,0.0,1.575
17,300ms,32,0.0,1.625
17,300ms,33,0.0,1.675
17,300ms,34,0.0,1.725
17,300ms,35,0.0,1.775
17,600ms,0,0.0,0.025
17,600ms,1,0.0,0.07500000000000001
17,600ms,2,0.0,0.125
17,600ms,3,0.0,0.17500000000000002
17,600ms,4,1.0,0.225
17,600ms,5,3.0,0.275
17,600ms,6,3.0,0.32500000000000007
17,600ms,7,1.0,0.37500000000000006
17,600ms,8,0.0,0.42500000000000004
17,600ms,9,4.0,0.47500000000000003
17,600ms,10,1.0,0.525
17,600ms,11,1.0,0.5750000000000001
17,600ms,12,1.0,0.6250000000000001
17,600ms,13,2.0,0.675
17,600ms,14,3.0,0.7250000000000001
17,600ms,15,3.0,0.775
17,600ms,16,1.0,0.8250000000000001
17,600ms,17,2.0,0.8750000000000001
17,600ms,18,1.0,0.925
17,600ms,19,0.0,0.9750000000000001
17,600ms,20,0.0,1.025
17,600ms,21,0.0,1.075
17,600ms,22,0.0,1.125
17,600ms,23,1.0,1.175
17,600ms,24,0.0,1.225
17,600ms,25,0.0,1.275
17,600ms,26,0.0,1.325
17,600ms,27,0.0,1.375
17,600ms,28,0.0,1.425
17,600ms,29,0.0,1.475
17,600ms,30,0.0,1.525
17,600ms,31,0.0,1.575
17,600ms,32,0.0,1.625
17,600ms,33,0.0,1.675
17,600ms,34,0.0,1.725
17,600ms,35,0.0,1.775
17,900ms,0,0.0,0.025
17,900ms,1,0.0,0.07500000000000001
17,900ms,2,0.0,0.125
17,900ms,3,1.0,0.17500000000000002
17,900ms,4,0.0,0.225
17,900ms,5,5.0,0.275
17,900ms,6,3.0,0.32500000000000007
17,900ms,7,4.0,0.37500000000000006
17,900ms,8,4.0,0.42500000000000004
17,900ms,9,1.0,0.47500000000000003
17,900ms,10,1.0,0.525
17,900ms,11,2.0,0.5750000000000001
17,900ms,12,1.0,0.6250000000000001
17,900ms,13,0.0,0.675
17,900ms,14,0.0,0.7250000000000001
17,900ms,15,0.0,0.775
17,900ms,16,2.0,0.8250000000000001
17,900ms,17,0.0,0.8750000000000001
17,900ms,18,1.0,0.925
17,900ms,19,2.0,0.9750000000000001
17,900ms,20,1.0,1.025
17,900ms,21,1.0,1.075
17,900ms,22,0.0,1.125
17,900ms,23,0.0,1.175
17,900ms,24,1.0,1.225
17,900ms,25,0.0,1.275
17,900ms,26,0.0,1.325
17,900ms,27,0.0,1.375
17,900ms,28,0.0,1.425
17,900ms,29,0.0,1.475
17,900ms,30,0.0,1.525
17,900ms,31,0.0,1.575
17,900ms,32,0.0,1.625
17,900ms,33,0.0,1.675
17,900ms,34,0.0,1.725
17,900ms,35,1.0,1.775
18,300ms,0,1.0,0.025
18,300ms,1,2.0,0.07500000000000001
18,300ms,2,3.0,0.125
18,300ms,3,3.0,0.17500000000000002
18,300ms,4,8.0,0.225
18,300ms,5,8.0,0.275
18,300ms,6,7.0,0.32500000000000007
18,300ms,7,7.0,0.37500000000000006
18,300ms,8,1.0,0.42500000000000004
18,300ms,9,0.0,0.47500000000000003
18,300ms,10,0.0,0.525
18,300ms,11,1.0,0.5750000000000001
18,300ms,12,0.0,0.6250000000000001
18,300ms,13,0.0,0.675
18,300ms,14,0.0,0.7250000000000001
18,300ms,15,0.0,0.775
18,300ms,16,0.0,0.8250000000000001
18,300ms,17,0.0,0.8750000000000001
18,300ms,18,0.0,0.925
18,300ms,19,0.0,0.9750000000000001
18,300ms,20,0.0,1.025
18,300ms,21,0.0,1.075
18,300ms,22,0.0,1.125
18,300ms,23,0.0,1.175
18,300ms,24,0.0,1.225
18,300ms,25,0.0,1.275
18,300ms,26,0.0,1.325
18,300ms,27,0.0,1.375
18,300ms,28,0.0,1.425
18,300ms,29,0.0,1.475
18,300ms,30,0.0,1.525
18,300ms,31,0.0,1.575
18,300ms,32,0.0,1.625
18,300ms,33,0.0,1.675
18,300ms,34,0.0,1.725
18,300ms,35,0.0,1.775
18,600ms,0,0.0,0.025
18,600ms,1,0.0,0.07500000000000001
18,600ms,2,0.0,0.125
18,600ms,3,1.0,0.17500000000000002
18,600ms,4,3.0,0.225
18,600ms,5,4.0,0.275
18,600ms,6,3.0,0.32500000000000007
18,600ms,7,5.0,0.37500000000000006
18,600ms,8,4.0,0.42500000000000004
18,600ms,9,4.0,0.47500000000000003
18,600ms,10,3.0,0.525
18,600ms,11,1.0,0.5750000000000001
18,600ms,12,3.0,0.6250000000000001
18,600ms,13,3.0,0.675
18,600ms,14,1.0,0.7250000000000001
18,600ms,15,1.0,0.775
18,600ms,16,0.0,0.8250000000000001
18,600ms,17,0.0,0.8750000000000001
18,600ms,18,0.0,0.925
18,600ms,19,0.0,0.9750000000000001
18,600ms,20,1.0,1.025
18,600ms,21,0.0,1.075
18,600ms,22,0.0,1.125
18,600ms,23,1.0,1.175
18,600ms,24,0.0,1.225
18,600ms,25,0.0,1.275
18,600ms,26,0.0,1.325
18,600ms,27,0.0,1.375
18,600ms,28,0.0,1.425
18,600ms,29,0.0,1.475
18,600ms,30,0.0,1.525
18,600ms,31,0.0,1.575
18,600ms,32,0.0,1.625
18,600ms,33,0.0,1.675
18,600ms,34,0.0,1.725
18,600ms,35,0.0,1.775
18,900ms,0,1.0,0.025
18,900ms,1,0.0,0.07500000000000001
18,900ms,2,1.0,0.125
18,900ms,3,0.0,0.17500000000000002
18,900ms,4,1.0,0.225
18,900ms,5,1.0,0.275
18,900ms,6,2.0,0.32500000000000007
18,900ms,7,3.0,0.37500000000000006
18,900ms,8,1.0,0.42500000000000004
18,900ms,9,1.0,0.47500000000000003
18,900ms,10,1.0,0.525
18,900ms,11,0.0,0.5750000000000001
18,900ms,12,0.0,0.6250000000000001
18,900ms,13,0.0,0.675
18,900ms,14,0.0,0.7250000000000001
18,900ms,15,0.0,0.775
18,900ms,16,2.0,0.8250000000000001
18,900ms,17,0.0,0.8750000000000001
18,900ms,18,0.0,0.925
18,900ms,19,1.0,0.9750000000000001
18,900ms,20,0.0,1.025
18,900ms,21,0.0,1.075
18,900ms,22,1.0,1.125
18,900ms,23,2.0,1.175
18,900ms,24,0.0,1.225
18,900ms,25,0.0,1.275
18,900ms,26,0.0,1.325
18,900ms,27,0.0,1.375
18,900ms,28,0.0,1.425
18,900ms,29,0.0,1.475
18,900ms,30,2.0,1.525
18,900ms,31,0.0,1.575
18,900ms,32,0.0,1.625
18,900ms,33,0.0,1.675
18,900ms,34,0.0,1.725
18,900ms,35,1.0,1.775
19,300ms,0,1.0,0.025
19,300ms,1,0.0,0.07500000000000001
19,300ms,2,0.0,0.125
19,300ms,3,1.0,0.17500000000000002
19,300ms,4,1.0,0.225
19,300ms,5,4.0,0.275
19,300ms,6,12.0,0.32500000000000007
19,300ms,7,6.0,0.37500000000000006
19,300ms,8,2.0,0.42500000000000004
19,300ms,9,6.0,0.47500000000000003
19,300ms,10,1.0,0.525
19,300ms,11,1.0,0.5750000000000001
19,300ms,12,0.0,0.6250000000000001
19,300ms,13,0.0,0.675
19,300ms,14,0.0,0.7250000000000001
19,300ms,15,0.0,0.775
19,300ms,16,0.0,0.8250000000000001
19,300ms,17,0.0,0.8750000000000001
19,300ms,18,0.0,0.925
19,300ms,19,0.0,0.9750000000000001
19,300ms,20,0.0,1.025
19,300ms,21,0.0,1.075
19,300ms,22,0.0,1.125
19,300ms,23,0.0,1.175
19,300ms,24,0.0,1.225
19,300ms,25,0.0,1.275
19,300ms,26,0.0,1.325
19,300ms,27,0.0,1.375
19,300ms,28,0.0,1.425
19,300ms,29,0.0,1.475
19,300ms,30,0.0,1.525
19,300ms,31,0.0,1.575
19,300ms,32,0.0,1.625
19,300ms,33,0.0,1.675
19,300ms,34,0.0,1.725
19,300ms,35,0.0,1.775
19,600ms,0,0.0,0.025
19,600ms,1,0.0,0.07500000000000001
19,600ms,2,0.0,0.125
19,600ms,3,0.0,0.17500000000000002
19,600ms,4,0.0,0.225
19,600ms,5,0.0,0.275
19,600ms,6,0.0,0.32500000000000007
19,600ms,7,0.0,0.37500000000000006
19,600ms,8,1.0,0.42500000000000004
19,600ms,9,0.0,0.47500000000000003
19,600ms,10,0.0,0.525
19,600ms,11,1.0,0.5750000000000001
19,600ms,12,0.0,0.6250000000000001
19,600ms,13,1.0,0.675
19,600ms,14,1.0,0.7250000000000001
19,600ms,15,0.0,0.775
19,600ms,16,2.0,0.8250000000000001
19,600ms,17,0.0,0.8750000000000001
19,600ms,18,0.0,0.925
19,600ms,19,1.0,0.9750000000000001
19,600ms,20,0.0,1.025
19,600ms,21,1.0,1.075
19,600ms,22,0.0,1.125
19,600ms,23,1.0,1.175
19,600ms,24,0.0,1.225
19,600ms,25,0.0,1.275
19,600ms,26,0.0,1.325
19,600ms,27,0.0,1.375
19,600ms,28,0.0,1.425
19,600ms,29,0.0,1.475
19,600ms,30,0.0,1.525
19,600ms,31,0.0,1.575
19,600ms,32,0.0,1.625
19,600ms,33,0.0,1.675
19,600ms,34,0.0,1.725
19,600ms,35,0.0,1.775
19,900ms,0,0.0,0.025
19,900ms,1,0.0,0.07500000000000001
19,900ms,2,0.0,0.125
19,900ms,3,0.0,0.17500000000000002
19,900ms,4,0.0,0.225
19,900ms,5,1.0,0.275
19,900ms,6,0.0,0.32500000000000007
19,900ms,7,0.0,0.37500000000000006
19,900ms,8,0.0,0.42500000000000004
19,900ms,9,0.0,0.47500000000000003
19,900ms,10,0.0,0.525
19,900ms,11,0.0,0.5750000000000001
19,900ms,12,0.0,0.6250000000000001
19,900ms,13,1.0,0.675
19,900ms,14,0.0,0.7250000000000001
19,900ms,15,0.0,0.775
19,900ms,16,0.0,0.8250000000000001
19,900ms,17,0.0,0.8750000000000001
19,900ms,18,3.0,0.925
19,900ms,19,0.0,0.9750000000000001
19,900ms,20,0.0,1.025
19,900ms,21,1.0,1.075
19,900ms,22,2.0,1.125
19,900ms,23,0.0,1.175
19,900ms,24,0.0,1.225
19,900ms,25,0.0,1.275
19,900ms,26,0.0,1.325
19,900ms,27,0.0,1.375
19,900ms,28,0.0,1.425
19,900ms,29,0.0,1.475
19,900ms,30,0.0,1.525
19,900ms,31,0.0,1.575
19,900ms,32,0.0,1.625
19,900ms,33,0.0,1.675
19,900ms,34,0.0,1.725
19,900ms,35,1.0,1.775
