data,condition,noise,silence,animal
0.3740049999999999,300_900,300,900,labels_aup_0024
0.3209993106575979,300_900,300,900,labels_aup_0024
0.19287320181405931,300_900,300,900,labels_aup_0024
0.2430250408163488,300_900,300,900,labels_aup_0024
0.738238931972802,300_900,300,900,labels_aup_0024
0.2616708526077218,300_900,300,900,labels_aup_0024
0.11404379818594634,300_900,300,900,labels_aup_0024
1.0447516235827667,900_600,900,600,labels_aup_0024
0.32896889569161125,900_600,900,600,labels_aup_0024
0.49993005895691667,900_600,900,600,labels_aup_0024
0.29297590476190294,900_600,900,600,labels_aup_0024
0.1756011768707495,900_600,900,600,labels_aup_0024
0.3081636077097514,900_600,900,600,labels_aup_0024
0.1990510136054482,900_600,900,600,labels_aup_0024
0.11550144897959314,900_600,900,600,labels_aup_0024
0.43149204308389244,900_600,900,600,labels_aup_0024
0.32315842857141774,900_600,900,600,labels_aup_0024
0.384671517006808,900_600,900,600,labels_aup_0024
1.0417625260771217,900_600,900,600,labels_aup_0024
0.11517467800453485,600_300,600,300,labels_aup_0024
0.18171154421768776,600_300,600,300,labels_aup_0024
0.2744468208616766,600_300,600,300,labels_aup_0024
0.2901468253968318,600_300,600,300,labels_aup_0024
0.6691732448979479,600_300,600,300,labels_aup_0024
0.7264834671201754,600_300,600,300,labels_aup_0024
0.6316970907029429,600_300,600,300,labels_aup_0024
0.3704137437642032,600_300,600,300,labels_aup_0024
0.6049380952381114,600_300,600,300,labels_aup_0024
0.3467532222222225,300_600,300,600,labels_aup_0024
0.3825885532879809,300_600,300,600,labels_aup_0024
0.27593733560090783,300_600,300,600,labels_aup_0024
0.34042310204081616,300_600,300,600,labels_aup_0024
0.4545581156462788,300_600,300,600,labels_aup_0024
0.3012719024943351,300_600,300,600,labels_aup_0024
0.39583217460318565,300_600,300,600,labels_aup_0024
0.9626915736961408,600_900,600,900,labels_aup_0024
0.7103003900226739,600_900,600,900,labels_aup_0024
0.5126144535147432,600_900,600,900,labels_aup_0024
0.6020009977324179,600_900,600,900,labels_aup_0024
0.8238738185941372,600_900,600,900,labels_aup_0024
0.35251268934240443,600_900,600,900,labels_aup_0024
0.24091520634920016,900_300,900,300,labels_aup_0024
0.9515232063491936,900_300,900,300,labels_aup_0024
0.19045239909296185,900_300,900,300,labels_aup_0024
0.9891073786847926,900_300,900,300,labels_aup_0024
0.5550090000000001,300_900,300,900,labels_aup_1041
0.37260578684807166,300_900,300,900,labels_aup_1041
0.2546427074829918,300_900,300,900,labels_aup_1041
0.2986536870748253,300_900,300,900,labels_aup_1041
0.03280331065759867,300_900,300,900,labels_aup_1041
0.2831242018140543,300_900,300,900,labels_aup_1041
0.46106026077096374,300_900,300,900,labels_aup_1041
0.45910415192743415,300_900,300,900,labels_aup_1041
0.9727851315192595,300_900,300,900,labels_aup_1041
0.17028253741496258,300_900,300,900,labels_aup_1041
0.9460345374149597,300_900,300,900,labels_aup_1041
0.8324389478458016,300_900,300,900,labels_aup_1041
0.38209854648525265,300_900,300,900,labels_aup_1041
0.3689130113378667,300_900,300,900,labels_aup_1041
0.2815047981859209,300_900,300,900,labels_aup_1041
0.2754741428571421,900_600,900,600,labels_aup_1041
0.255072063492058,900_600,900,600,labels_aup_1041
0.5431426077097541,900_600,900,600,labels_aup_1041
0.5387252857142855,900_600,900,600,labels_aup_1041
1.2591704489795958,900_600,900,600,labels_aup_1041
0.5731290975056709,900_600,900,600,labels_aup_1041
1.2921190975056618,900_600,900,600,labels_aup_1041
0.28633202267572244,900_600,900,600,labels_aup_1041
0.8145904285714209,900_600,900,600,labels_aup_1041
0.5162041609977308,900_600,900,600,labels_aup_1041
0.9643840022675789,900_600,900,600,labels_aup_1041
0.37196651700679695,900_600,900,600,labels_aup_1041
0.5660004376417191,900_600,900,600,labels_aup_1041
0.32437717006800426,900_600,900,600,labels_aup_1041
0.3150664965986323,900_600,900,600,labels_aup_1041
0.33280767800453503,600_300,600,300,labels_aup_1041
0.46427254421768627,600_300,600,300,labels_aup_1041
0.3031623560090697,600_300,600,300,labels_aup_1041
0.289568222222222,600_300,600,300,labels_aup_1041
0.29477882539682554,600_300,600,300,labels_aup_1041
0.3688468843537436,600_300,600,300,labels_aup_1041
0.17865975056689365,600_300,600,300,labels_aup_1041
0.5021557551020379,600_300,600,300,labels_aup_1041
0.3322565963718773,600_300,600,300,labels_aup_1041
0.2924128140589346,600_300,600,300,labels_aup_1041
0.2647236009070184,600_300,600,300,labels_aup_1041
0.18466995238094341,600_300,600,300,labels_aup_1041
0.3806174671201745,600_300,600,300,labels_aup_1041
0.1432527437641795,600_300,600,300,labels_aup_1041
0.24609909523809392,600_300,600,300,labels_aup_1041
0.21649944671202093,600_300,600,300,labels_aup_1041
0.35407262811791185,300_600,300,600,labels_aup_1041
0.1810992063492023,300_600,300,600,labels_aup_1041
0.21843610204081187,300_600,300,600,labels_aup_1041
0.23291802267573303,300_600,300,600,labels_aup_1041
0.378774462585028,300_600,300,600,labels_aup_1041
0.29482419501132995,300_600,300,600,labels_aup_1041
0.3597611156462506,300_600,300,600,labels_aup_1041
0.3743073083900015,300_600,300,600,labels_aup_1041
0.6685059251700665,600_900,600,900,labels_aup_1041
0.21582057369614205,600_900,600,900,labels_aup_1041
0.36984877551020645,600_900,600,900,labels_aup_1041
0.4668455578231345,600_900,600,900,labels_aup_1041
0.3547767210884416,600_900,600,900,labels_aup_1041
0.22037145351474408,600_900,600,900,labels_aup_1041
0.3842601065759652,600_900,600,900,labels_aup_1041
0.35898959183671764,600_900,600,900,labels_aup_1041
1.3380187551020413,600_900,600,900,labels_aup_1041
0.20609683900225662,600_900,600,900,labels_aup_1041
1.278273839002253,600_900,600,900,labels_aup_1041
0.39865068027211237,600_900,600,900,labels_aup_1041
0.345574689342385,600_900,600,900,labels_aup_1041
0.2726043310657573,900_300,900,300,labels_aup_1041
0.15550512244897874,900_300,900,300,labels_aup_1041
0.4318951269841165,900_300,900,300,labels_aup_1041
0.246057884353732,900_300,900,300,labels_aup_1041
0.3333955079365012,900_300,900,300,labels_aup_1041
0.5826439183673529,900_300,900,300,labels_aup_1041
0.22119280952379938,900_300,900,300,labels_aup_1041
0.3332574875283285,900_300,900,300,labels_aup_1041
0.7538653786847931,900_300,900,300,labels_aup_1041
0.1746043537414863,900_300,900,300,labels_aup_1041
0.32829354648524145,900_300,900,300,labels_aup_1041
0.2749023038548728,900_300,900,300,labels_aup_1041
0.21230833333333976,900_300,900,300,labels_aup_1041
0.9691393333333451,900_300,900,300,labels_aup_1041
0.6234120634920579,900_600,900,600,labels_aup_1508
0.3491531950113256,300_600,300,600,labels_aup_1508
0.5118506530612255,300_900,300,900,labels_aup_1530
0.2887701723356031,300_900,300,900,labels_aup_1530
0.007144578231290666,300_900,300,900,labels_aup_1530
0.5020822607709761,300_900,300,900,labels_aup_1530
0.28758623582767484,300_900,300,900,labels_aup_1530
0.521813546485248,300_900,300,900,labels_aup_1530
1.0338816235827666,900_600,900,600,labels_aup_1530
0.3564770634920613,900_600,900,600,labels_aup_1530
1.1197870634920584,900_600,900,600,labels_aup_1530
0.8061401768707483,900_600,900,600,labels_aup_1530
0.4789036077097464,900_600,900,600,labels_aup_1530
0.7650300136054398,900_600,900,600,labels_aup_1530
0.09205228571428137,900_600,900,600,labels_aup_1530
0.5480494489795902,900_600,900,600,labels_aup_1530
0.9882414285714418,900_600,900,600,labels_aup_1530
1.2320890022675712,900_600,900,600,labels_aup_1530
0.9065255170067701,900_600,900,600,labels_aup_1530
0.4957403560090672,600_300,600,300,labels_aup_1530
0.6068918208616765,600_300,600,300,labels_aup_1530
0.304222755102046,600_300,600,300,labels_aup_1530
0.4566292698412724,600_300,600,300,labels_aup_1530
0.31099802267574717,300_600,300,600,labels_aup_1530
0.33605784353738954,300_600,300,600,labels_aup_1530
0.3119999251700669,600_900,600,900,labels_aup_1530
0.1945863900226712,600_900,600,900,labels_aup_1530
0.4830602312925194,600_900,600,900,labels_aup_1530
0.8486599977324261,600_900,600,900,labels_aup_1530
0.6998535918367423,600_900,600,900,labels_aup_1530
0.6343971065759746,600_900,600,900,labels_aup_1530
0.7632677551020493,600_900,600,900,labels_aup_1530
0.6814668390022689,600_900,600,900,labels_aup_1530
0.7422884081632617,600_900,600,900,labels_aup_1530
0.6070576598639548,600_900,600,900,labels_aup_1530
0.5585391224489769,900_300,900,300,labels_aup_1530
0.33334534013605577,900_300,900,300,labels_aup_1530
0.9646684875283427,900_300,900,300,labels_aup_1530
0.8508843537414919,900_300,900,300,labels_aup_1530
0.6023221723355974,300_900,300,900,labels_aup_2255
0.45752757823129286,300_900,300,900,labels_aup_2255
0.31541815192744593,300_900,300,900,labels_aup_2255
0.19371513151926933,300_900,300,900,labels_aup_2255
0.29079943310658507,300_900,300,900,labels_aup_2255
0.5046489478458085,300_900,300,900,labels_aup_2255
1.0291590408163245,300_900,300,900,labels_aup_2255
0.31323379818593367,300_900,300,900,labels_aup_2255
0.7455148956916098,900_600,900,600,labels_aup_2255
0.572852058956915,900_600,900,600,labels_aup_2255
1.0576001428571402,900_600,900,600,labels_aup_2255
0.5184976122449072,900_600,900,600,labels_aup_2255
0.24469204308390147,900_600,900,600,labels_aup_2255
0.14235509750567132,900_600,900,600,labels_aup_2255
0.9122411609977377,900_600,900,600,labels_aup_2255
0.6865983242630307,900_600,900,600,labels_aup_2255
0.4965385260771029,900_600,900,600,labels_aup_2255
0.5250905442176865,600_300,600,300,labels_aup_2255
0.2793143560090705,600_300,600,300,labels_aup_2255
0.3779503061224503,600_300,600,300,labels_aup_2255
0.41654482086167377,600_300,600,300,labels_aup_2255
0.645240884353754,600_300,600,300,labels_aup_2255
0.2934257551020494,600_300,600,300,labels_aup_2255
0.43605409070292467,600_300,600,300,labels_aup_2255
0.4169270952380941,600_300,600,300,labels_aup_2255
0.34385822222222195,300_600,300,600,labels_aup_2255
0.3264365736961441,300_600,300,600,labels_aup_2255
0.2399686281179143,300_600,300,600,labels_aup_2255
0.34801065759636884,300_600,300,600,labels_aup_2255
0.3275614693877529,300_600,300,600,labels_aup_2255
0.4580730226757339,300_600,300,600,labels_aup_2255
0.3116574625850319,300_600,300,600,labels_aup_2255
0.28101782312924684,300_600,300,600,labels_aup_2255
0.3574831746031464,300_600,300,600,labels_aup_2255
0.3152739251700698,600_900,600,900,labels_aup_2255
0.19208757369614204,600_900,600,900,labels_aup_2255
0.5417609795918352,600_900,600,900,labels_aup_2255
0.6719822312925174,600_900,600,900,labels_aup_2255
0.5837235578231343,600_900,600,900,labels_aup_2255
0.469439591836732,600_900,600,900,labels_aup_2255
0.44699575510205136,600_900,600,900,labels_aup_2255
0.23476620634920664,900_300,900,300,labels_aup_2255
0.4763804875283455,900_300,900,300,labels_aup_2255
1.0840401768707508,900_600,900,600,labels_aup_2800
1.0720380975056685,900_600,900,600,labels_aup_2800
0.6750121723355988,600_300,600,300,labels_aup_2800
0.7057624671201665,600_300,600,300,labels_aup_2800
1.0160641224489808,900_300,900,300,labels_aup_2800
0.5843485079364967,900_300,900,300,labels_aup_2800
0.4786257210884486,600_900,600,900,labels_aup_2805
0.2866779818594125,600_900,600,900,labels_aup_2805
0.8367842063492077,900_300,900,300,labels_aup_2805
0.5687324875283366,900_300,900,300,labels_aup_2805
0.5441010000000004,300_900,300,900,labels_aup_3342
0.31508478684807306,300_900,300,900,labels_aup_3342
0.365776653061225,300_900,300,900,labels_aup_3342
0.31769531065759793,300_900,300,900,labels_aup_3342
0.3217802018140574,300_900,300,900,labels_aup_3342
0.30810850793650957,300_900,300,900,labels_aup_3342
0.2887371315192695,300_900,300,900,labels_aup_3342
0.3779235374149721,300_900,300,900,labels_aup_3342
1.3877560589569171,900_600,900,600,labels_aup_3342
0.5334511768707486,900_600,900,600,labels_aup_3342
0.8318374285714327,900_600,900,600,labels_aup_3342
0.2779558253968233,600_300,600,300,labels_aup_3342
0.3637089523809607,600_300,600,300,labels_aup_3342
0.6505544671202017,600_300,600,300,labels_aup_3342
0.5165825736961445,300_600,300,600,labels_aup_3342
0.3851875532879774,300_600,300,600,labels_aup_3342
0.3689053356008998,300_600,300,600,labels_aup_3342
0.46163177097505326,300_600,300,600,labels_aup_3342
0.46168120634921195,300_600,300,600,labels_aup_3342
0.3172770226757393,300_600,300,600,labels_aup_3342
0.37060511564627063,300_600,300,600,labels_aup_3342
0.7476703900226767,600_900,600,900,labels_aup_3342
0.7388370770975001,600_900,600,900,labels_aup_3342
0.8040539977324244,600_900,600,900,labels_aup_3342
0.28907233333336535,900_300,900,300,labels_aup_3342
0.39708722448980893,900_300,900,300,labels_aup_3342
0.4390640000000001,300_900,300,900,labels_aup_4573
0.22607178684807305,300_900,300,900,labels_aup_4573
0.2953360294784577,300_900,300,900,labels_aup_4573
0.4907336530612243,300_900,300,900,labels_aup_4573
0.5080557074829919,300_900,300,900,labels_aup_4573
0.3250961473922871,300_900,300,900,labels_aup_4573
0.34002968707482495,300_900,300,900,labels_aup_4573
0.2836113106575979,300_900,300,900,labels_aup_4573
0.49738220181405524,300_900,300,900,labels_aup_4573
0.47049123582768004,300_900,300,900,labels_aup_4573
0.3948935079365157,300_900,300,900,labels_aup_4573
0.5386371315192804,300_900,300,900,labels_aup_4573
0.288772537414971,300_900,300,900,labels_aup_4573
0.5168520113378747,300_900,300,900,labels_aup_4573
0.3214690408163392,300_900,300,900,labels_aup_4573
0.40610393197280814,300_900,300,900,labels_aup_4573
0.33409585260773156,300_900,300,900,labels_aup_4573
0.9121046235827663,900_600,900,600,labels_aup_4573
0.3192679047619009,900_600,900,600,labels_aup_4573
0.41268017687075087,900_600,900,600,labels_aup_4573
1.3166341768707497,900_600,900,600,labels_aup_4573
0.5650356077097456,900_600,900,600,labels_aup_4573
0.7537581768707469,900_600,900,600,labels_aup_4573
0.5582242857142816,900_600,900,600,labels_aup_4573
0.27251344897958774,900_600,900,600,labels_aup_4573
0.5291766122449033,900_600,900,600,labels_aup_4573
0.6750750430839076,900_600,900,600,labels_aup_4573
0.3661320226757283,900_600,900,600,labels_aup_4573
1.2119750226757304,900_600,900,600,labels_aup_4573
0.3357994285714341,900_600,900,600,labels_aup_4573
1.3301494285714313,900_600,900,600,labels_aup_4573
0.07739116099773469,900_600,900,600,labels_aup_4573
0.748900160997735,900_600,900,600,labels_aup_4573
0.37811732426303024,900_600,900,600,labels_aup_4573
0.42296100226757005,900_600,900,600,labels_aup_4573
0.687963437641713,900_600,900,600,labels_aup_4573
0.5586911700680162,900_600,900,600,labels_aup_4573
0.43313206575962226,900_600,900,600,labels_aup_4573
0.21744949659864687,900_600,900,600,labels_aup_4573
1.0568354965986373,900_600,900,600,labels_aup_4573
0.6795285260771209,900_600,900,600,labels_aup_4573
0.4781612222222229,600_300,600,300,labels_aup_4573
0.4768238208616751,600_300,600,300,labels_aup_4573
0.4742990385487502,600_300,600,300,labels_aup_4573
0.3634828253968223,600_300,600,300,labels_aup_4573
0.324441884353746,600_300,600,300,labels_aup_4573
0.5632757505669019,600_300,600,300,labels_aup_4573
0.2098987551020457,600_300,600,300,labels_aup_4573
0.5902102448979605,600_300,600,300,labels_aup_4573
0.5511820566893562,600_300,600,300,labels_aup_4573
0.49664795238095394,600_300,600,300,labels_aup_4573
0.6399534671201934,600_300,600,300,labels_aup_4573
0.3822410907029621,600_300,600,300,labels_aup_4573
0.3735327437641729,600_300,600,300,labels_aup_4573
0.37107609523809515,600_300,600,300,labels_aup_4573
0.38798844671202914,600_300,600,300,labels_aup_4573
0.2533062222222213,300_600,300,600,labels_aup_4573
0.41226957369614503,300_600,300,600,labels_aup_4573
0.2506995532879799,300_600,300,600,labels_aup_4573
0.2262643356009022,300_600,300,600,labels_aup_4573
0.6086227709750531,300_600,300,600,labels_aup_4573
0.44459610204083333,300_600,300,600,labels_aup_4573
0.4553940226757476,300_600,300,600,labels_aup_4573
0.30890846258503757,300_600,300,600,labels_aup_4573
0.35397019501135674,300_600,300,600,labels_aup_4573
0.3583111156462735,300_600,300,600,labels_aup_4573
0.43250430839003684,300_600,300,600,labels_aup_4573
0.4336089024943419,300_600,300,600,labels_aup_4573
0.3551448231292511,300_600,300,600,labels_aup_4573
0.5593061746031651,300_600,300,600,labels_aup_4573
0.6164299251700687,600_900,600,900,labels_aup_4573
0.9018535736961404,600_900,600,900,labels_aup_4573
0.6784603900226713,600_900,600,900,labels_aup_4573
0.6947322312925195,600_900,600,900,labels_aup_4573
0.5342805578231378,600_900,600,900,labels_aup_4573
0.500385721088449,600_900,600,900,labels_aup_4573
0.5131644535147473,600_900,600,900,labels_aup_4573
0.429785077097506,600_900,600,900,labels_aup_4573
0.4288029977324328,600_900,600,900,labels_aup_4573
0.5989185918367355,600_900,600,900,labels_aup_4573
0.8983211065759633,600_900,600,900,labels_aup_4573
0.6171555918367346,600_900,600,900,labels_aup_4573
0.463311839002273,600_900,600,900,labels_aup_4573
0.7682574081632794,600_900,600,900,labels_aup_4573
0.5259146802721091,600_900,600,900,labels_aup_4573
0.3517859818594218,600_900,600,900,labels_aup_4573
0.6431216598639651,600_900,600,900,labels_aup_4573
0.12291787755100358,600_900,600,900,labels_aup_4573
0.6126221224489754,900_300,900,300,labels_aup_4573
0.345368340136055,900_300,900,300,labels_aup_4573
0.8941973401360528,900_300,900,300,labels_aup_4573
0.3250833945578222,900_300,900,300,labels_aup_4573
0.5292981269841306,900_300,900,300,labels_aup_4573
0.36850588435373766,900_300,900,300,labels_aup_4573
0.4670515079365032,900_300,900,300,labels_aup_4573
0.44837739909297625,900_300,900,300,labels_aup_4573
0.5507714535147414,900_300,900,300,labels_aup_4573
0.536875374149659,900_300,900,300,labels_aup_4573
0.5945639183673563,900_300,900,300,labels_aup_4573
0.5306918095238018,900_300,900,300,labels_aup_4573
0.054362378684800206,900_300,900,300,labels_aup_4573
0.7968963786848065,900_300,900,300,labels_aup_4573
0.6153413537414991,900_300,900,300,labels_aup_4573
0.9138843038548998,900_300,900,300,labels_aup_4573
0.8670083333333309,900_300,900,300,labels_aup_4573
0.5448632244898022,900_300,900,300,labels_aup_4573
0.45052225396824497,900_300,900,300,labels_aup_4573
0.37911378684807273,300_900,300,900,labels_aup_5867
0.21081002947845828,300_900,300,900,labels_aup_5867
0.4064506530612242,300_900,300,900,labels_aup_5867
0.28413150793650743,300_900,300,900,labels_aup_5867
0.5032415464852704,300_900,300,900,labels_aup_5867
0.6441788956916099,900_600,900,600,labels_aup_5867
0.526403058956916,900_600,900,600,labels_aup_5867
0.44207914285714267,900_600,900,600,labels_aup_5867
0.6141890226757312,900_600,900,600,labels_aup_5867
0.8347035170068011,900_600,900,600,labels_aup_5867
0.6180124376417382,900_600,900,600,labels_aup_5867
0.7840171700680401,900_600,900,600,labels_aup_5867
0.899020065759629,900_600,900,600,labels_aup_5867
0.3849785442176872,600_300,600,300,labels_aup_5867
0.29858122222222505,600_300,600,300,labels_aup_5867
0.5195227551020309,600_300,600,300,labels_aup_5867
0.39788046712018854,600_300,600,300,labels_aup_5867
0.6733920907029471,600_300,600,300,labels_aup_5867
0.28419922222222027,300_600,300,600,labels_aup_5867
0.5364146281179138,300_600,300,600,labels_aup_5867
0.3404200226757297,300_600,300,600,labels_aup_5867
0.39993019501136473,300_600,300,600,labels_aup_5867
0.4609273083900405,300_600,300,600,labels_aup_5867
0.5328838231292821,300_600,300,600,labels_aup_5867
0.8353429251700675,600_900,600,900,labels_aup_5867
0.8152609795918373,600_900,600,900,labels_aup_5867
0.44219807709750114,600_900,600,900,labels_aup_5867
0.5136569977324257,600_900,600,900,labels_aup_5867
0.7946068185941328,600_900,600,900,labels_aup_5867
0.6637339818594228,600_900,600,900,labels_aup_5867
0.591801145124748,600_900,600,900,labels_aup_5867
0.5433066598639584,600_900,600,900,labels_aup_5867
0.2611123310657604,900_300,900,300,labels_aup_5867
0.6495707369614543,900_300,900,300,labels_aup_5867
0.7674655079364925,900_300,900,300,labels_aup_5867
0.4316463990929691,900_300,900,300,labels_aup_5867
0.48231845351473623,900_300,900,300,labels_aup_5867
0.7240483741496604,900_300,900,300,labels_aup_5867
0.803205546485259,900_300,900,300,labels_aup_5867
0.3702953038549026,900_300,900,300,labels_aup_5867
0.6924373333333449,900_300,900,300,labels_aup_5867
0.7953952244898232,900_300,900,300,labels_aup_5867
0.540202707482992,300_900,300,900,labels_aup_7562
0.20001315192743618,300_900,300,900,labels_aup_7562
0.5510985374149584,300_900,300,900,labels_aup_7562
0.7930830430838967,900_600,900,600,labels_aup_7562
0.36274365986395196,600_300,600,300,labels_aup_7562
0.5414752063492045,300_600,300,600,labels_aup_7562
0.37472090249434586,300_600,300,600,labels_aup_7562
0.6179419251700686,600_900,600,900,labels_aup_7562
0.8395005736961423,600_900,600,900,labels_aup_7562
0.6889761065759501,600_900,600,900,labels_aup_7562
0.342912029478458,300_900,300,900,labels_aup_8776
0.5337326530612243,300_900,300,900,labels_aup_8776
0.43763057142857065,300_900,300,900,labels_aup_8776
0.45572509750566326,900_600,900,600,labels_aup_8776
0.36562167800453516,600_300,600,300,labels_aup_8776
0.500511755102039,600_300,600,300,labels_aup_8776
0.2537746009070361,600_300,600,300,labels_aup_8776
0.367323843537406,300_600,300,600,labels_aup_8776
0.4926511950113479,300_600,300,600,labels_aup_8776
0.3948779795918398,600_900,600,900,labels_aup_8776
0.7069738390022593,600_900,600,900,labels_aup_8776
0.4535643310657598,900_300,900,300,labels_aup_8776
0.34922873696145373,900_300,900,300,labels_aup_8776
0.46872988435373486,900_300,900,300,labels_aup_8776
0.11388230385489351,900_300,900,300,labels_aup_8776
0.40162602947845816,300_900,300,900,labels_aup_8820
0.6793316530612241,300_900,300,900,labels_aup_8820
0.34735831065759726,300_900,300,900,labels_aup_8820
0.32366320181405683,300_900,300,900,labels_aup_8820
0.36851823582766485,300_900,300,900,labels_aup_8820
0.3221595374149757,300_900,300,900,labels_aup_8820
0.31565943310657474,300_900,300,900,labels_aup_8820
0.2730675464852652,300_900,300,900,labels_aup_8820
0.47929493197278816,300_900,300,900,labels_aup_8820
0.36281385260772936,300_900,300,900,labels_aup_8820
1.1288456235827666,900_600,900,600,labels_aup_8820
0.6005638956916108,900_600,900,600,labels_aup_8820
0.18103106349206044,900_600,900,600,labels_aup_8820
1.132306063492063,900_600,900,600,labels_aup_8820
0.7616589047619016,900_600,900,600,labels_aup_8820
0.8779901768707532,900_600,900,600,labels_aup_8820
0.347450607709753,900_600,900,600,labels_aup_8820
0.34236717687075213,900_600,900,600,labels_aup_8820
0.48131128571428405,900_600,900,600,labels_aup_8820
0.33353144897958487,900_600,900,600,labels_aup_8820
0.7379120430838952,900_600,900,600,labels_aup_8820
0.5476620975056647,900_600,900,600,labels_aup_8820
0.24444702267572893,900_600,900,600,labels_aup_8820
0.32715842857143684,900_600,900,600,labels_aup_8820
0.4997301609977285,900_600,900,600,labels_aup_8820
0.4296493242630248,900_600,900,600,labels_aup_8820
0.18800700226756817,900_600,900,600,labels_aup_8820
1.226899002267558,900_600,900,600,labels_aup_8820
0.9202515170067898,900_600,900,600,labels_aup_8820
0.30279406575962753,900_600,900,600,labels_aup_8820
0.3292504965986325,900_600,900,600,labels_aup_8820
0.6646325260770993,900_600,900,600,labels_aup_8820
0.3628226780045356,600_300,600,300,labels_aup_8820
0.3114245442176875,600_300,600,300,labels_aup_8820
0.5717843560090703,600_300,600,300,labels_aup_8820
0.5767122222222234,600_300,600,300,labels_aup_8820
0.40006730612244823,600_300,600,300,labels_aup_8820
0.5839892267573745,600_300,600,300,labels_aup_8820
0.08841517233560126,600_300,600,300,labels_aup_8820
0.4762008253968304,600_300,600,300,labels_aup_8820
0.41335875510203834,600_300,600,300,labels_aup_8820
0.5786892698412629,600_300,600,300,labels_aup_8820
0.4358498140589404,600_300,600,300,labels_aup_8820
0.5508644671201921,600_300,600,300,labels_aup_8820
0.2992050907029409,600_300,600,300,labels_aup_8820
0.5781900952380852,600_300,600,300,labels_aup_8820
0.535634446712038,600_300,600,300,labels_aup_8820
0.3063546281179157,300_600,300,600,labels_aup_8820
0.28241165759637354,300_600,300,600,labels_aup_8820
0.535103553287982,300_600,300,600,labels_aup_8820
0.4501623356009077,300_600,300,600,labels_aup_8820
0.16837877097505327,300_600,300,600,labels_aup_8820
0.3233781020408202,300_600,300,600,labels_aup_8820
0.3972470226757423,300_600,300,600,labels_aup_8820
0.2554468435374133,300_600,300,600,labels_aup_8820
0.4319341950113369,300_600,300,600,labels_aup_8820
0.5496111156462575,300_600,300,600,labels_aup_8820
0.5656393083900184,300_600,300,600,labels_aup_8820
0.5632451746031677,300_600,300,600,labels_aup_8820
0.6340122312925232,600_900,600,900,labels_aup_8820
0.3409717755102122,600_900,600,900,labels_aup_8820
0.4059904535147467,600_900,600,900,labels_aup_8820
1.118122077097496,600_900,600,900,labels_aup_8820
0.46341899773241835,600_900,600,900,labels_aup_8820
0.8490255918367353,600_900,600,900,labels_aup_8820
0.4146121065759587,600_900,600,900,labels_aup_8820
0.5297968390022731,600_900,600,900,labels_aup_8820
0.04907640816325909,600_900,600,900,labels_aup_8820
0.5044709818594129,600_900,600,900,labels_aup_8820
0.4317921451247173,600_900,600,900,labels_aup_8820
0.6419926598639449,600_900,600,900,labels_aup_8820
0.27497133106576044,900_300,900,300,labels_aup_8820
0.5741277369614544,900_300,900,300,labels_aup_8820
0.5027215238095266,900_300,900,300,labels_aup_8820
0.6577861224489823,900_300,900,300,labels_aup_8820
0.4449223401360527,900_300,900,300,labels_aup_8820
0.41113139455782743,900_300,900,300,labels_aup_8820
0.5275482063492092,900_300,900,300,labels_aup_8820
0.7015511269841141,900_300,900,300,labels_aup_8820
0.3510878843537313,900_300,900,300,labels_aup_8820
0.209481507936502,900_300,900,300,labels_aup_8820
0.28592039909297284,900_300,900,300,labels_aup_8820
0.31088237414965647,900_300,900,300,labels_aup_8820
0.8001399183673499,900_300,900,300,labels_aup_8820
0.2630934875283373,900_300,900,300,labels_aup_8820
0.9278203786847996,900_300,900,300,labels_aup_8820
0.6622993537414885,900_300,900,300,labels_aup_8820
0.3216333333333523,900_300,900,300,labels_aup_8820
0.512715786848073,300_900,300,900,labels_aup_8822
0.2456646530612252,300_900,300,900,labels_aup_8822
0.340084537414981,300_900,300,900,labels_aup_8822
0.5099800589569163,900_600,900,600,labels_aup_8822
1.0409780589569166,900_600,900,600,labels_aup_8822
0.4490194285714324,900_600,900,600,labels_aup_8822
0.5280980022675834,900_600,900,600,labels_aup_8822
0.23297335600906877,600_300,600,300,labels_aup_8822
0.41785422222222124,300_600,300,600,labels_aup_8822
0.46474057369614563,300_600,300,600,labels_aup_8822
0.4924339251700669,600_900,600,900,labels_aup_8822
0.6955383900226764,600_900,600,900,labels_aup_8822
0.215865997732422,600_900,600,900,labels_aup_8822
0.7205108185941071,600_900,600,900,labels_aup_8822
0.5260239818594243,600_900,600,900,labels_aup_8822
0.35712714512473553,600_900,600,900,labels_aup_8822
0.4196341224489757,900_300,900,300,labels_aup_8822
0.48104833333334795,900_300,900,300,labels_aup_8822
0.04380299999999959,300_900,300,900,labels_aup_8823
0.7446629999999992,300_900,300,900,labels_aup_8823
0.4448370294784576,300_900,300,900,labels_aup_8823
0.31562465306122434,300_900,300,900,labels_aup_8823
0.5314525782312884,300_900,300,900,labels_aup_8823
0.339953687074825,300_900,300,900,labels_aup_8823
0.37969931065759255,300_900,300,900,labels_aup_8823
0.4810232018140539,300_900,300,900,labels_aup_8823
0.41560343310658254,300_900,300,900,labels_aup_8823
0.23937594784580085,300_900,300,900,labels_aup_8823
0.43740757142856523,300_900,300,900,labels_aup_8823
0.2066555464852513,300_900,300,900,labels_aup_8823
0.4519780113378715,300_900,300,900,labels_aup_8823
0.3586550408163305,300_900,300,900,labels_aup_8823
0.32856793197277057,300_900,300,900,labels_aup_8823
0.6281750634920655,900_600,900,600,labels_aup_8823
0.46896290476190217,900_600,900,600,labels_aup_8823
0.9349241768707444,900_600,900,600,labels_aup_8823
0.4605936077097468,900_600,900,600,labels_aup_8823
0.32510216099774425,900_600,900,600,labels_aup_8823
0.5419573242630378,900_600,900,600,labels_aup_8823
0.49212051700678217,900_600,900,600,labels_aup_8823
0.3249074376417127,900_600,900,600,labels_aup_8823
1.1287321700680195,900_600,900,600,labels_aup_8823
1.079351065759596,900_600,900,600,labels_aup_8823
0.6363074965986186,900_600,900,600,labels_aup_8823
0.5948915260771059,900_600,900,600,labels_aup_8823
0.45118135600907117,600_300,600,300,labels_aup_8823
0.4364372267573735,600_300,600,300,labels_aup_8823
0.23969382086167457,600_300,600,300,labels_aup_8823
0.23291482539682562,600_300,600,300,labels_aup_8823
0.42555775056689527,600_300,600,300,labels_aup_8823
0.4009245963718797,600_300,600,300,labels_aup_8823
0.6968300566893362,600_300,600,300,labels_aup_8823
0.4085066009070317,600_300,600,300,labels_aup_8823
0.5911289523809273,600_300,600,300,labels_aup_8823
0.39391509070293296,600_300,600,300,labels_aup_8823
0.4453000952380819,600_300,600,300,labels_aup_8823
0.36369646938774736,300_600,300,600,labels_aup_8823
0.20739233560090042,300_600,300,600,labels_aup_8823
0.47676910204081935,300_600,300,600,labels_aup_8823
0.39234582312926136,300_600,300,600,labels_aup_8823
0.4811031746031631,300_600,300,600,labels_aup_8823
0.49331400907029277,600_900,600,900,labels_aup_8823
0.3277354535147481,600_900,600,900,labels_aup_8823
0.5954335918367235,600_900,600,900,labels_aup_8823
0.2973157551020478,600_900,600,900,labels_aup_8823
0.4908838390022652,600_900,600,900,labels_aup_8823
0.6604344081632689,600_900,600,900,labels_aup_8823
0.45584798185939235,600_900,600,900,labels_aup_8823
0.5394471451247114,600_900,600,900,labels_aup_8823
0.24247865986393435,600_900,600,900,labels_aup_8823
0.6567738775509895,600_900,600,900,labels_aup_8823
0.6597176893423864,600_900,600,900,labels_aup_8823
0.2983135238095187,900_300,900,300,labels_aup_8823
0.9114571269841178,900_300,900,300,labels_aup_8823
0.510459884353736,900_300,900,300,labels_aup_8823
0.8517743990929745,900_300,900,300,labels_aup_8823
0.7488444535147352,900_300,900,300,labels_aup_8823
0.2995649183673521,900_300,900,300,labels_aup_8823
0.31953880952380587,900_300,900,300,labels_aup_8823
0.7549793038548671,900_300,900,300,labels_aup_8823
0.3988343333333262,900_300,900,300,labels_aup_8823
0.5043902539682392,900_300,900,300,labels_aup_8823
0.2927325079365062,300_900,300,900,labels_aup_8824
0.2633251315192666,300_900,300,900,labels_aup_8824
0.42628454648527736,300_900,300,900,labels_aup_8824
0.4786870113378825,300_900,300,900,labels_aup_8824
0.3846629319727981,300_900,300,900,labels_aup_8824
0.3279738526077267,300_900,300,900,labels_aup_8824
1.0138814285714233,900_600,900,600,labels_aup_8824
0.5949330022675667,900_600,900,600,labels_aup_8824
1.1747151700680263,900_600,900,600,labels_aup_8824
0.45760449659866254,900_600,900,600,labels_aup_8824
0.6389525260771052,900_600,900,600,labels_aup_8824
0.4233608843537411,600_300,600,300,labels_aup_8824
0.6085697505669003,600_300,600,300,labels_aup_8824
0.6468987551020433,600_300,600,300,labels_aup_8824
0.2993425963718721,600_300,600,300,labels_aup_8824
0.6509618140589453,600_300,600,300,labels_aup_8824
0.5243526009070365,600_300,600,300,labels_aup_8824
0.4084579523809566,600_300,600,300,labels_aup_8824
0.630949467120189,600_300,600,300,labels_aup_8824
0.4482580907029501,600_300,600,300,labels_aup_8824
0.4305820952380941,600_300,600,300,labels_aup_8824
0.7067174467120481,600_300,600,300,labels_aup_8824
0.4693830226757285,300_600,300,600,labels_aup_8824
0.2814854625850387,300_600,300,600,labels_aup_8824
0.4095043083900407,300_600,300,600,labels_aup_8824
0.40472290249434195,300_600,300,600,labels_aup_8824
0.37914882312927034,300_600,300,600,labels_aup_8824
0.5183841746031703,300_600,300,600,labels_aup_8824
0.5151267755101969,600_900,600,900,labels_aup_8824
0.4543175578231313,600_900,600,900,labels_aup_8824
0.5539587210884349,600_900,600,900,labels_aup_8824
0.5136804535147377,600_900,600,900,labels_aup_8824
0.36210207709750364,600_900,600,900,labels_aup_8824
0.5372271065759691,600_900,600,900,labels_aup_8824
0.3367034081632596,600_900,600,900,labels_aup_8824
0.5089109818594295,600_900,600,900,labels_aup_8824
0.6442001269841171,900_300,900,300,labels_aup_8824
0.5874328843537313,900_300,900,300,labels_aup_8824
0.5277243741496562,900_300,900,300,labels_aup_8824
0.5173425464852528,900_300,900,300,labels_aup_8824
0.49651933333333886,900_300,900,300,labels_aup_8824
0.48478222448980546,900_300,900,300,labels_aup_8824
0.5812952539682499,900_300,900,300,labels_aup_8824
0.5058720294784589,300_900,300,900,labels_aup_8826
0.3267836530612245,300_900,300,900,labels_aup_8826
0.38776817233560124,300_900,300,900,labels_aup_8826
0.2562293106576021,300_900,300,900,labels_aup_8826
0.4011525079365157,300_900,300,900,labels_aup_8826
0.41334913151926855,300_900,300,900,labels_aup_8826
0.42813853741496644,300_900,300,900,labels_aup_8826
0.24660505895691642,900_600,900,600,labels_aup_8826
1.4121751428571443,900_600,900,600,labels_aup_8826
0.4766839047618987,900_600,900,600,labels_aup_8826
0.6463326077097449,900_600,900,600,labels_aup_8826
0.3238610136054447,900_600,900,600,labels_aup_8826
0.4104236122449052,900_600,900,600,labels_aup_8826
0.5293790430839067,900_600,900,600,labels_aup_8826
1.2896704965986316,900_600,900,600,labels_aup_8826
0.44940267800453526,600_300,600,300,labels_aup_8826
0.5474423560090695,600_300,600,300,labels_aup_8826
0.1618542267573737,600_300,600,300,labels_aup_8826
0.42302657369614494,300_600,300,600,labels_aup_8826
0.2283196281179123,300_600,300,600,labels_aup_8826
0.6704296575963724,300_600,300,600,labels_aup_8826
0.31878846938775496,300_600,300,600,labels_aup_8826
0.3181955532879783,300_600,300,600,labels_aup_8826
0.348033022675736,300_600,300,600,labels_aup_8826
0.29830182312923625,300_600,300,600,labels_aup_8826
0.6835339251700674,600_900,600,900,labels_aup_8826
0.46698557369614235,600_900,600,900,labels_aup_8826
0.3613029795918372,600_900,600,900,labels_aup_8826
0.8103543900226811,600_900,600,900,labels_aup_8826
0.30119078684807254,300_900,300,900,labels_aup_9140
0.3420896530612243,300_900,300,900,labels_aup_9140
0.8724871473922917,300_900,300,900,labels_aup_9140
0.45128468707483194,300_900,300,900,labels_aup_9140
0.2617845079365111,300_900,300,900,labels_aup_9140
0.36085413151927526,300_900,300,900,labels_aup_9140
0.27207154648525034,300_900,300,900,labels_aup_9140
0.2881496235827665,900_600,900,600,labels_aup_9140
1.1200976235827669,900_600,900,600,labels_aup_9140
0.3721558956916091,900_600,900,600,labels_aup_9140
0.4356190589569149,900_600,900,600,labels_aup_9140
0.5932361428571404,900_600,900,600,labels_aup_9140
0.31816690476190956,900_600,900,600,labels_aup_9140
0.47780517687075275,900_600,900,600,labels_aup_9140
0.5791482857142825,900_600,900,600,labels_aup_9140
0.3027046122449022,900_600,900,600,labels_aup_9140
0.6806530226757275,900_600,900,600,labels_aup_9140
0.3271594376417113,900_600,900,600,labels_aup_9140
0.34593017006801574,900_600,900,600,labels_aup_9140
0.4201654965986563,900_600,900,600,labels_aup_9140
0.1975786780045352,600_300,600,300,labels_aup_9140
0.25108254421768716,600_300,600,300,labels_aup_9140
0.43814035600907,600_300,600,300,labels_aup_9140
0.45501430612244675,600_300,600,300,labels_aup_9140
0.279289226757367,600_300,600,300,labels_aup_9140
0.475870172335604,600_300,600,300,labels_aup_9140
0.5293740385487524,600_300,600,300,labels_aup_9140
0.4197578253968288,600_300,600,300,labels_aup_9140
0.3193307505669054,600_300,600,300,labels_aup_9140
0.1763326009070454,600_300,600,300,labels_aup_9140
0.39824895238095337,600_300,600,300,labels_aup_9140
0.3358464671201773,600_300,600,300,labels_aup_9140
0.3302335736961446,300_600,300,600,labels_aup_9140
0.27272555328798376,300_600,300,600,labels_aup_9140
0.3554213356009086,300_600,300,600,labels_aup_9140
0.4716172063492081,300_600,300,600,labels_aup_9140
0.36012019501134773,300_600,300,600,labels_aup_9140
0.3022611950113401,300_600,300,600,labels_aup_9140
0.450667902494331,300_600,300,600,labels_aup_9140
0.6782019251700682,600_900,600,900,labels_aup_9140
0.39463400907029467,600_900,600,900,labels_aup_9140
0.600026390022677,600_900,600,900,labels_aup_9140
0.4288215578231416,600_900,600,900,labels_aup_9140
0.2275737210884472,600_900,600,900,labels_aup_9140
0.2623450770975069,600_900,600,900,labels_aup_9140
0.6333938185941292,600_900,600,900,labels_aup_9140
0.4944143310657587,900_300,900,300,labels_aup_9140
0.5753387369614522,900_300,900,300,labels_aup_9140
0.9372855238095283,900_300,900,300,labels_aup_9140
0.5314973945578245,900_300,900,300,labels_aup_9140
0.32110312698412713,900_300,900,300,labels_aup_9140
0.46007388435373286,900_300,900,300,labels_aup_9140
0.5087215079364995,900_300,900,300,labels_aup_9140
0.5185563990929722,900_300,900,300,labels_aup_9140
0.6201643038548923,900_300,900,300,labels_aup_9140
0.38418333333333976,900_300,900,300,labels_aup_9140
0.40662322448980603,900_300,900,300,labels_aup_9140
0.22831578684807363,300_900,300,900,labels_aup_9141
0.696121578231292,300_900,300,900,labels_aup_9141
0.4240305079365072,300_900,300,900,labels_aup_9141
0.5205850113378574,300_900,300,900,labels_aup_9141
0.37558393197278406,300_900,300,900,labels_aup_9141
1.091234022675735,900_600,900,600,labels_aup_9141
0.3564004285714333,900_600,900,600,labels_aup_9141
0.4613523242630322,900_600,900,600,labels_aup_9141
0.28140206575960747,900_600,900,600,labels_aup_9141
0.4870992267573726,600_300,600,300,labels_aup_9141
0.6075258208616745,600_300,600,300,labels_aup_9141
0.636017172335599,600_300,600,300,labels_aup_9141
0.17613775056689462,600_300,600,300,labels_aup_9141
0.5108450907029294,600_300,600,300,labels_aup_9141
0.4874440226757315,300_600,300,600,labels_aup_9141
0.5316881156462614,300_600,300,600,labels_aup_9141
0.4159391746031531,300_600,300,600,labels_aup_9141
0.08723157369614398,600_900,600,900,labels_aup_9141
0.8309280090702984,600_900,600,900,labels_aup_9141
0.699588077097502,600_900,600,900,labels_aup_9141
0.3057288843537407,900_300,900,300,labels_aup_9141
0.5190894535147379,900_300,900,300,labels_aup_9141
0.5427597074829915,300_900,300,900,labels_aup_9240
0.39128131065759675,300_900,300,900,labels_aup_9240
0.3932355464852719,300_900,300,900,labels_aup_9240
0.40112401133788467,300_900,300,900,labels_aup_9240
0.4914560408163311,300_900,300,900,labels_aup_9240
0.9913139319727975,300_900,300,900,labels_aup_9240
0.5328828526077132,300_900,300,900,labels_aup_9240
0.6258831428571447,900_600,900,600,labels_aup_9240
0.4156470634920595,900_600,900,600,labels_aup_9240
1.2118031768707453,900_600,900,600,labels_aup_9240
1.00345802267573,900_600,900,600,labels_aup_9240
1.1230153242630365,900_600,900,600,labels_aup_9240
1.0889565170068067,900_600,900,600,labels_aup_9240
1.2742764965986453,900_600,900,600,labels_aup_9240
0.5260798208616748,600_300,600,300,labels_aup_9240
0.5270256009070238,600_300,600,300,labels_aup_9240
0.629975090702942,600_300,600,300,labels_aup_9240
0.6557746598639369,600_300,600,300,labels_aup_9240
0.3987405532879791,300_600,300,600,labels_aup_9240
0.5297763356009,300_600,300,600,labels_aup_9240
0.41827630839003405,300_600,300,600,labels_aup_9240
0.48525690249434206,300_600,300,600,labels_aup_9240
0.5108048231292628,300_600,300,600,labels_aup_9240
0.8559163900226707,600_900,600,900,labels_aup_9240
0.9933117210884461,600_900,600,900,labels_aup_9240
0.8349474535147436,600_900,600,900,labels_aup_9240
0.736543523809523,900_300,900,300,labels_aup_9240
0.9427363401360509,900_300,900,300,labels_aup_9240
1.0722853945578237,900_300,900,300,labels_aup_9240
0.9113704535147349,900_300,900,300,labels_aup_9240
0.9413428095238032,900_300,900,300,labels_aup_9240
